/* Microsoft YaHei 16px, generated by gen_lvfont.py */
#include "lvgl.h"

#if LVGL_VERSION_MAJOR >= 8
static const uint8_t glyph_bitmap[] = {
    0x01, 0x04, 0xf4, 0x4f, 0x34, 0xf3, 0x3f, 0x33, 0xf3, 0x3f, 0x22, 0xf2, 0x2f, 0x21, 0x80, 0x00,
    0x03, 0xc3, 0x5f, 0x50, 0x10, 0x02, 0x02, 0x04, 0xf5, 0xf4, 0x3f, 0x3f, 0x32, 0xf1, 0xf2, 0x19,
    0x0a, 0x10, 0x00, 0x00, 0x10, 0x01, 0x00, 0x00, 0x01, 0xf0, 0x0e, 0x40, 0x00, 0x04, 0xd0, 0x1f,
    0x00, 0x00, 0x08, 0xa0, 0x4d, 0x00, 0x0b, 0xce, 0xdc, 0xde, 0xc8, 0x03, 0x3f, 0x53, 0xc8, 0x32,
    0x00, 0x1f, 0x00, 0xe3, 0x00, 0x24, 0x8e, 0x45, 0xf5, 0x40, 0x6a, 0xdd, 0xac, 0xea, 0xa1, 0x00,
    0xc6, 0x08, 0x90, 0x00, 0x00, 0xf2, 0x0c, 0x50, 0x00, 0x02, 0xe0, 0x0e, 0x20, 0x00, 0x00, 0x06,
    0x20, 0x00, 0x00, 0x0a, 0x50, 0x00, 0x04, 0xdf, 0xff, 0x70, 0x3f, 0x9b, 0x65, 0x60, 0x9e, 0x0a,
    0x40, 0x00, 0x9e, 0x0a, 0x40, 0x00, 0x4f, 0xab, 0x40, 0x00, 0x07, 0xff, 0x80, 0x00, 0x00, 0x2d,
    0xfd, 0x30, 0x00, 0x0a, 0x6d, 0xe0, 0x00, 0x0a, 0x44, 0xf4, 0x10, 0x0a, 0x44, 0xf3, 0x9b, 0x6c,
    0x9e, 0xc0, 0x3b, 0xef, 0xd8, 0x00, 0x00, 0x0a, 0x40, 0x00, 0x00, 0x08, 0x30, 0x00, 0x00, 0x13,
    0x10, 0x00, 0x00, 0x11, 0x00, 0x05, 0xec, 0xe7, 0x00, 0x01, 0xf3, 0x00, 0x1f, 0x40, 0x2f, 0x20,
    0x0b, 0x90, 0x00, 0x3e, 0x00, 0x0e, 0x40, 0x5e, 0x00, 0x00, 0x3f, 0x00, 0x0e, 0x31, 0xe5, 0x00,
    0x00, 0x0e, 0x71, 0x7d, 0x0a, 0xa0, 0x00, 0x00, 0x03, 0xce, 0xb2, 0x4f, 0x10, 0x00, 0x00, 0x00,
    0x00, 0x00, 0xd6, 0x1b, 0xff, 0x80, 0x00, 0x00, 0x08, 0xc0, 0xaa, 0x02, 0xf4, 0x00, 0x00, 0x3f,
    0x20, 0xf3, 0x00, 0xa8, 0x00, 0x00, 0xc7, 0x00, 0xf2, 0x00, 0xa8, 0x00, 0x07, 0xd0, 0x00, 0xc8,
    0x01, 0xe3, 0x00, 0x2f, 0x30, 0x00, 0x2e, 0xef, 0x70, 0x00, 0x01, 0x00, 0x00, 0x00, 0x20, 0x00,
    0x00, 0x00, 0x24, 0x20, 0x00, 0x00, 0x00, 0x00, 0x0a, 0xfe, 0xfb, 0x00, 0x00, 0x00, 0x00, 0x6f,
    0x30, 0x3f, 0x70, 0x00, 0x00, 0x00, 0x9d, 0x00, 0x0d, 0x80, 0x17, 0x20, 0x00, 0x6f, 0x20, 0x5f,
    0x40, 0x0f, 0x60, 0x00, 0x0b, 0xeb, 0xe5, 0x00, 0x1f, 0x50, 0x00, 0x3d, 0xef, 0xd3, 0x00, 0x3f,
    0x20, 0x04, 0xf8, 0x01, 0xaf, 0x50, 0x8d, 0x00, 0x0c, 0xc0, 0x00, 0x09, 0xf4, 0xe6, 0x00, 0x0f,
    0x80, 0x00, 0x00, 0xcf, 0xd0, 0x00, 0x0e, 0xb0, 0x00, 0x00, 0x9f, 0x90, 0x00, 0x08, 0xf9, 0x32,
    0x5b, 0xfa, 0xf8, 0x33, 0x00, 0x7f, 0xff, 0xfb, 0x20, 0x8f, 0xf9, 0x00, 0x00, 0x12, 0x00, 0x00,
    0x01, 0x20, 0x11, 0xac, 0x9b, 0x8a, 0x56, 0x00, 0x01, 0x00, 0x09, 0xc0, 0x04, 0xf2, 0x00, 0xc9,
    0x00, 0x2f, 0x30, 0x07, 0xe0, 0x00, 0xab, 0x00, 0x0b, 0x90, 0x00, 0xc9, 0x00, 0x0b, 0xa0, 0x00,
    0x9b, 0x00, 0x05, 0xf0, 0x00, 0x1f, 0x40, 0x00, 0xab, 0x00, 0x02, 0xf4, 0x00, 0x05, 0xa0, 0x11,
    0x00, 0x06, 0xe1, 0x00, 0x0b, 0xa0, 0x00, 0x3f, 0x20, 0x00, 0xd9, 0x00, 0x08, 0xd0, 0x00, 0x5f,
    0x00, 0x03, 0xf1, 0x00, 0x3f, 0x20, 0x04, 0xf1, 0x00, 0x5f, 0x00, 0x09, 0xc0, 0x00, 0xe7, 0x00,
    0x5f, 0x10, 0x0d, 0x70, 0x06, 0x90, 0x00, 0x00, 0x01, 0x00, 0x00, 0x00, 0xe3, 0x00, 0x03, 0x0d,
    0x21, 0x12, 0xed, 0xec, 0xf6, 0x00, 0x6e, 0xb0, 0x00, 0x2e, 0x3d, 0x60, 0x04, 0x80, 0x48, 0x00,
    0x00, 0x00, 0x00, 0x00, 0x00, 0x00, 0x0a, 0x80, 0x00, 0x00, 0x00, 0xa8, 0x00, 0x00, 0x00, 0x0a,
    0x80, 0x00, 0x0a, 0xaa, 0xdd, 0xaa, 0x90, 0x99, 0x9d, 0xc9, 0x98, 0x00, 0x00, 0xa8, 0x00, 0x00,
    0x00, 0x0a, 0x80, 0x00, 0x00, 0x00, 0x98, 0x00, 0x00, 0x0c, 0x90, 0xf4, 0x4f, 0x08, 0xa0, 0x21,
    0x00, 0x46, 0x66, 0x59, 0xcc, 0xca, 0x0a, 0x80, 0xed, 0x01, 0x00, 0x00, 0x00, 0x00, 0x01, 0x00,
    0x00, 0x00, 0xbb, 0x00, 0x00, 0x02, 0xf5, 0x00, 0x00, 0x08, 0xe0, 0x00, 0x00, 0x0e, 0x70, 0x00,
    0x00, 0x5f, 0x10, 0x00, 0x00, 0xca, 0x00, 0x00, 0x02, 0xf4, 0x00, 0x00, 0x09, 0xd0, 0x00, 0x00,
    0x0f, 0x70, 0x00, 0x00, 0x6f, 0x10, 0x00, 0x00, 0xd9, 0x00, 0x00, 0x03, 0xf3, 0x00, 0x00, 0x0a,
    0xc0, 0x00, 0x00, 0x1f, 0x60, 0x00, 0x00, 0x00, 0x00, 0x00, 0x00, 0x00, 0x01, 0x43, 0x00, 0x00,
    0x07, 0xff, 0xfe, 0x20, 0x04, 0xf8, 0x02, 0xed, 0x00, 0xbd, 0x00, 0x06, 0xf4, 0x0f, 0x80, 0x00,
    0x1f, 0x82, 0xf5, 0x00, 0x00, 0xfa, 0x4f, 0x40, 0x00, 0x0e, 0xa4, 0xf4, 0x00, 0x00, 0xea, 0x3f,
    0x50, 0x00, 0x0f, 0x91, 0xf7, 0x00, 0x01, 0xf6, 0x0c, 0xc0, 0x00, 0x6f, 0x20, 0x5f, 0x81, 0x4e,
    0x90, 0x00, 0x7f, 0xff, 0xa0, 0x00, 0x00, 0x02, 0x10, 0x00, 0x00, 0x00, 0x40, 0x02, 0xbf, 0x2b,
    0xfe, 0xf5, 0xb4, 0x8f, 0x00, 0x08, 0xf0, 0x00, 0x8f, 0x00, 0x08, 0xf0, 0x00, 0x8f, 0x00, 0x08,
    0xf0, 0x00, 0x8f, 0x00, 0x08, 0xf0, 0x00, 0x8f, 0x00, 0x08, 0xf0, 0x00, 0x02, 0x42, 0x00, 0x00,
    0x2d, 0xff, 0xfc, 0x20, 0x09, 0x92, 0x03, 0xed, 0x00, 0x10, 0x00, 0x07, 0xf1, 0x00, 0x00, 0x00,
    0x6f, 0x10, 0x00, 0x00, 0x0b, 0xe0, 0x00, 0x00, 0x08, 0xf5, 0x00, 0x00, 0x1b, 0xf6, 0x00, 0x00,
    0x2e, 0xe3, 0x00, 0x00, 0x2e, 0xb1, 0x00, 0x00, 0x0b, 0xd0, 0x00, 0x00, 0x00, 0xfb, 0x55, 0x55,
    0x53, 0x0f, 0xff, 0xff, 0xff, 0x80, 0x00, 0x34, 0x20, 0x00, 0x4f, 0xff, 0xfa, 0x00, 0x45, 0x00,
    0x6f, 0x80, 0x00, 0x00, 0x0d, 0xb0, 0x00, 0x00, 0x0e, 0xa0, 0x00, 0x00, 0x8f, 0x20, 0x09, 0xef,
    0xd3, 0x00, 0x03, 0x67, 0xde, 0x40, 0x00, 0x00, 0x0b, 0xe0, 0x00, 0x00, 0x06, 0xf2, 0x00, 0x00,
    0x09, 0xf1, 0xb5, 0x22, 0x7f, 0x90, 0xaf, 0xff, 0xf7, 0x00, 0x00, 0x21, 0x00, 0x00, 0x00, 0x00,
    0x00, 0x10, 0x00, 0x00, 0x00, 0x0a, 0xf4, 0x00, 0x00, 0x00, 0x3f, 0xf4, 0x00, 0x00, 0x00, 0xcc,
    0xf4, 0x00, 0x00, 0x07, 0xe4, 0xf4, 0x00, 0x00, 0x3f, 0x43, 0xf4, 0x00, 0x00, 0xda, 0x03, 0xf4,
    0x00, 0x0a, 0xd0, 0x03, 0xf4, 0x00, 0x7f, 0x41, 0x14, 0xf5, 0x10, 0xdf, 0xff, 0xff, 0xff, 0xf1,
    0x22, 0x22, 0x25, 0xf6, 0x20, 0x00, 0x00, 0x03, 0xf4, 0x00, 0x00, 0x00, 0x03, 0xf4, 0x00, 0x01,
    0x11, 0x11, 0x10, 0x1f, 0xff, 0xff, 0xa0, 0x2f, 0x63, 0x33, 0x20, 0x3f, 0x20, 0x00, 0x00, 0x4f,
    0x10, 0x00, 0x00, 0x5f, 0x55, 0x20, 0x00, 0x6f, 0xff, 0xfc, 0x20, 0x00, 0x00, 0x6f, 0xd0, 0x00,
    0x00, 0x08, 0xf2, 0x00, 0x00, 0x05, 0xf3, 0x00, 0x00, 0x09, 0xf0, 0x75, 0x12, 0x8f, 0x80, 0x8f,
    0xff, 0xf8, 0x00, 0x01, 0x22, 0x00, 0x00, 0x00, 0x00, 0x14, 0x41, 0x00, 0x00, 0x8f, 0xff, 0xf0,
    0x00, 0x9f, 0x60, 0x04, 0x00, 0x3f, 0x60, 0x00, 0x00, 0x09, 0xe0, 0x00, 0x00, 0x00, 0xda, 0x17,
    0x95, 0x00, 0x0f, 0xae, 0xbc, 0xfc, 0x01, 0xff, 0x30, 0x06, 0xf6, 0x0f, 0xa0, 0x00, 0x0f, 0x90,
    0xea, 0x00, 0x00, 0xea, 0x0a, 0xe0, 0x00, 0x1f, 0x80, 0x3f, 0xa2, 0x3c, 0xe1, 0x00, 0x5e, 0xff,
    0xd3, 0x00, 0x00, 0x02, 0x20, 0x00, 0x01, 0x11, 0x11, 0x11, 0x02, 0xff, 0xff, 0xff, 0xf8, 0x04,
    0x44, 0x44, 0x7f, 0x30, 0x00, 0x00, 0x0c, 0xa0, 0x00, 0x00, 0x05, 0xf2, 0x00, 0x00, 0x00, 0xda,
    0x00, 0x00, 0x00, 0x4f, 0x30, 0x00, 0x00, 0x0b, 0xc0, 0x00, 0x00, 0x02, 0xf6, 0x00, 0x00, 0x00,
    0x7f, 0x10, 0x00, 0x00, 0x0d, 0xb0, 0x00, 0x00, 0x01, 0xf8, 0x00, 0x00, 0x00, 0x4f, 0x50, 0x00,
    0x00, 0x00, 0x01, 0x43, 0x00, 0x00, 0x09, 0xff, 0xfd, 0x20, 0x06, 0xf6, 0x02, 0xdc, 0x00, 0xac,
    0x00, 0x05, 0xf0, 0x09, 0xd0, 0x00, 0x6f, 0x00, 0x2e, 0x92, 0x5e, 0x70, 0x00, 0x6f, 0xff, 0xc0,
    0x00, 0x6f, 0x83, 0x5d, 0xc0, 0x0f, 0x80, 0x00, 0x2f, 0x63, 0xf4, 0x00, 0x00, 0xe9, 0x1f, 0x70,
    0x00, 0x1f, 0x70, 0xaf, 0x61, 0x3c, 0xf1, 0x00, 0x9f, 0xff, 0xd3, 0x00, 0x00, 0x02, 0x10, 0x00,
    0x00, 0x02, 0x43, 0x00, 0x00, 0x0a, 0xff, 0xfc, 0x10, 0x09, 0xf5, 0x03, 0xeb, 0x00, 0xf8, 0x00,
    0x06, 0xf2, 0x3f, 0x50, 0x00, 0x2f, 0x61, 0xf7, 0x00, 0x02, 0xf8, 0x0d, 0xe2, 0x00, 0xbf, 0x80,
    0x3f, 0xfd, 0xea, 0xf7, 0x00, 0x16, 0x84, 0x1f, 0x50, 0x00, 0x00, 0x05, 0xf1, 0x00, 0x00, 0x00,
    0xcb, 0x00, 0x43, 0x13, 0xbf, 0x20, 0x07, 0xff, 0xfc, 0x30, 0x00, 0x01, 0x21, 0x00, 0x00, 0x0a,
    0x80, 0xed, 0x01, 0x00, 0x00, 0x00, 0x00, 0x00, 0x00, 0x00, 0xa8, 0x0e, 0xd0, 0x10, 0x0a, 0x90,
    0xed, 0x00, 0x00, 0x00, 0x00, 0x00, 0x00, 0x00, 0x00, 0xc9, 0x0f, 0x44, 0xf0, 0x8a, 0x02, 0x10,
    0x00, 0x00, 0x00, 0x01, 0x00, 0x00, 0x02, 0xa9, 0x00, 0x01, 0x9f, 0xa2, 0x00, 0x7f, 0xb3, 0x00,
    0x5e, 0xd4, 0x00, 0x00, 0x6e, 0xc5, 0x00, 0x00, 0x00, 0x7e, 0xd5, 0x00, 0x00, 0x00, 0x7e, 0xd4,
    0x00, 0x00, 0x00, 0x68, 0x06, 0x66, 0x66, 0x66, 0x60, 0xcc, 0xcc, 0xcc, 0xcb, 0x00, 0x00, 0x00,
    0x00, 0x00, 0x00, 0x00, 0x00, 0x00, 0x0d, 0xdd, 0xdd, 0xdd, 0xc0, 0x55, 0x55, 0x55, 0x55, 0x10,
    0x00, 0x00, 0x00, 0xb9, 0x10, 0x00, 0x00, 0x2b, 0xf8, 0x00, 0x00, 0x00, 0x4c, 0xe6, 0x00, 0x00,
    0x00, 0x5d, 0xd4, 0x00, 0x00, 0x5d, 0xd4, 0x00, 0x6e, 0xd6, 0x00, 0x6e, 0xd5, 0x00, 0x00, 0x95,
    0x00, 0x00, 0x00, 0x01, 0x43, 0x00, 0xaf, 0xff, 0xd2, 0xa2, 0x03, 0xeb, 0x00, 0x00, 0xae, 0x00,
    0x00, 0xdb, 0x00, 0x09, 0xe2, 0x00, 0x9e, 0x20, 0x03, 0xf4, 0x00, 0x06, 0xf0, 0x00, 0x02, 0xa1,
    0x00, 0x00, 0x00, 0x00, 0x02, 0xc4, 0x00, 0x04, 0xf7, 0x00, 0x00, 0x10, 0x00, 0x00, 0x00, 0x00,
    0x23, 0x20, 0x00, 0x00, 0x00, 0x00, 0x2a, 0xfd, 0xcd, 0xfa, 0x20, 0x00, 0x00, 0x4f, 0x81, 0x00,
    0x01, 0x8f, 0x40, 0x00, 0x3f, 0x50, 0x00, 0x10, 0x00, 0x5f, 0x20, 0x0c, 0x90, 0x08, 0xff, 0xae,
    0x30, 0xaa, 0x03, 0xf1, 0x06, 0xe3, 0x09, 0xf1, 0x05, 0xf0, 0x7d, 0x00, 0xe6, 0x00, 0x3f, 0x00,
    0x2f, 0x18, 0xb0, 0x1f, 0x20, 0x04, 0xf0, 0x03, 0xf1, 0x8b, 0x02, 0xf1, 0x00, 0x7e, 0x00, 0x5e,
    0x06, 0xe0, 0x0f, 0x40, 0x0c, 0xf0, 0x0c, 0x80, 0x2f, 0x30, 0x8f, 0xad, 0x4e, 0xbc, 0xb0, 0x00,
    0xac, 0x00, 0x46, 0x20, 0x26, 0x40, 0x00, 0x01, 0xdb, 0x10, 0x00, 0x00, 0x00, 0x00, 0x00, 0x00,
    0xaf, 0xb8, 0x78, 0xbe, 0x00, 0x00, 0x00, 0x00, 0x16, 0x89, 0x85, 0x10, 0x00, 0x00, 0x00, 0x00,
    0x01, 0x00, 0x00, 0x00, 0x00, 0x00, 0x7f, 0xb0, 0x00, 0x00, 0x00, 0x00, 0xde, 0xf1, 0x00, 0x00,
    0x00, 0x03, 0xf6, 0xf7, 0x00, 0x00, 0x00, 0x09, 0xe0, 0xcd, 0x00, 0x00, 0x00, 0x0e, 0x90, 0x6f,
    0x30, 0x00, 0x00, 0x5f, 0x30, 0x1f, 0x90, 0x00, 0x00, 0xbd, 0x00, 0x0a, 0xf0, 0x00, 0x01, 0xfe,
    0xbb, 0xbd, 0xf5, 0x00, 0x07, 0xfb, 0xbb, 0xbb, 0xfb, 0x00, 0x0d, 0xc0, 0x00, 0x00, 0x9f, 0x20,
    0x3f, 0x60, 0x00, 0x00, 0x3f, 0x80, 0x9f, 0x10, 0x00, 0x00, 0x0d, 0xe0, 0x01, 0x11, 0x00, 0x00,
    0x07, 0xff, 0xff, 0xe6, 0x00, 0x7f, 0x54, 0x5c, 0xf4, 0x07, 0xf2, 0x00, 0x2f, 0x90, 0x7f, 0x20,
    0x02, 0xf7, 0x07, 0xf2, 0x01, 0xbd, 0x10, 0x7f, 0xff, 0xfe, 0x30, 0x07, 0xf7, 0x67, 0xcf, 0x60,
    0x7f, 0x20, 0x00, 0xbf, 0x07, 0xf2, 0x00, 0x07, 0xf2, 0x7f, 0x20, 0x00, 0xbf, 0x17, 0xf7, 0x67,
    0xbf, 0x80, 0x7f, 0xff, 0xfc, 0x50, 0x00, 0x00, 0x00, 0x02, 0x44, 0x20, 0x00, 0x04, 0xdf, 0xff,
    0xfc, 0x00, 0x7f, 0xc5, 0x22, 0x58, 0x03, 0xfa, 0x00, 0x00, 0x00, 0x0b, 0xe0, 0x00, 0x00, 0x00,
    0x0f, 0x90, 0x00, 0x00, 0x00, 0x2f, 0x70, 0x00, 0x00, 0x00, 0x3f, 0x70, 0x00, 0x00, 0x00, 0x1f,
    0x90, 0x00, 0x00, 0x00, 0x0d, 0xe0, 0x00, 0x00, 0x00, 0x06, 0xf9, 0x00, 0x00, 0x00, 0x00, 0xaf,
    0xc5, 0x34, 0x7b, 0x00, 0x07, 0xef, 0xff, 0xf8, 0x00, 0x00, 0x01, 0x21, 0x00, 0x01, 0x11, 0x10,
    0x00, 0x00, 0x07, 0xff, 0xff, 0xfb, 0x30, 0x00, 0x7f, 0x54, 0x57, 0xdf, 0x80, 0x07, 0xf2, 0x00,
    0x00, 0x8f, 0x70, 0x7f, 0x20, 0x00, 0x00, 0xbf, 0x07, 0xf2, 0x00, 0x00, 0x06, 0xf4, 0x7f, 0x20,
    0x00, 0x00, 0x3f, 0x67, 0xf2, 0x00, 0x00, 0x04, 0xf5, 0x7f, 0x20, 0x00, 0x00, 0x7f, 0x37, 0xf2,
    0x00, 0x00, 0x0d, 0xd0, 0x7f, 0x20, 0x00, 0x0a, 0xf4, 0x07, 0xf7, 0x66, 0x9e, 0xf5, 0x00, 0x7f,
    0xff, 0xfd, 0x81, 0x00, 0x00, 0x01, 0x11, 0x11, 0x10, 0x7f, 0xff, 0xff, 0xc0, 0x7f, 0x54, 0x44,
    0x30, 0x7f, 0x20, 0x00, 0x00, 0x7f, 0x20, 0x00, 0x00, 0x7f, 0x20, 0x00, 0x00, 0x7f, 0xdd, 0xdd,
    0x60, 0x7f, 0x98, 0x88, 0x30, 0x7f, 0x20, 0x00, 0x00, 0x7f, 0x20, 0x00, 0x00, 0x7f, 0x20, 0x00,
    0x00, 0x7f, 0x76, 0x66, 0x60, 0x7f, 0xff, 0xff, 0xf1, 0x01, 0x11, 0x11, 0x17, 0xff, 0xff, 0xfc,
    0x7f, 0x54, 0x44, 0x37, 0xf2, 0x00, 0x00, 0x7f, 0x20, 0x00, 0x07, 0xf2, 0x00, 0x00, 0x7f, 0xba,
    0xaa, 0x47, 0xfb, 0xbb, 0xb5, 0x7f, 0x20, 0x00, 0x07, 0xf2, 0x00, 0x00, 0x7f, 0x20, 0x00, 0x07,
    0xf2, 0x00, 0x00, 0x7f, 0x20, 0x00, 0x00, 0x00, 0x00, 0x01, 0x44, 0x30, 0x00, 0x00, 0x4c, 0xff,
    0xff, 0xf5, 0x00, 0x6f, 0xc5, 0x22, 0x49, 0x60, 0x3f, 0xa0, 0x00, 0x00, 0x00, 0x0b, 0xe0, 0x00,
    0x00, 0x00, 0x00, 0xf9, 0x00, 0x00, 0x00, 0x00, 0x2f, 0x70, 0x00, 0x26, 0x66, 0x43, 0xf7, 0x00,
    0x07, 0xff, 0xfb, 0x1f, 0x90, 0x00, 0x00, 0x0d, 0xb0, 0xde, 0x00, 0x00, 0x00, 0xdb, 0x05, 0xf9,
    0x00, 0x00, 0x0d, 0xb0, 0x09, 0xfc, 0x53, 0x47, 0xfb, 0x00, 0x06, 0xdf, 0xff, 0xfb, 0x30, 0x00,
    0x00, 0x12, 0x20, 0x00, 0x01, 0x00, 0x00, 0x00, 0x11, 0x7f, 0x20, 0x00, 0x00, 0xcd, 0x7f, 0x20,
    0x00, 0x00, 0xcd, 0x7f, 0x20, 0x00, 0x00, 0xcd, 0x7f, 0x20, 0x00, 0x00, 0xcd, 0x7f, 0x20, 0x00,
    0x00, 0xcd, 0x7f, 0xdd, 0xdd, 0xdd, 0xfd, 0x7f, 0x98, 0x88, 0x88, 0xed, 0x7f, 0x20, 0x00, 0x00,
    0xcd, 0x7f, 0x20, 0x00, 0x00, 0xcd, 0x7f, 0x20, 0x00, 0x00, 0xcd, 0x7f, 0x20, 0x00, 0x00, 0xcd,
    0x7f, 0x20, 0x00, 0x00, 0xcd, 0x01, 0x07, 0xf2, 0x7f, 0x27, 0xf2, 0x7f, 0x27, 0xf2, 0x7f, 0x27,
    0xf2, 0x7f, 0x27, 0xf2, 0x7f, 0x27, 0xf2, 0x7f, 0x20, 0x00, 0x01, 0x10, 0x00, 0xbe, 0x00, 0x0b,
    0xe0, 0x00, 0xbe, 0x00, 0x0b, 0xe0, 0x00, 0xbe, 0x00, 0x0b, 0xe0, 0x00, 0xbe, 0x00, 0x0b, 0xd0,
    0x00, 0xcc, 0x00, 0x0f, 0x94, 0x3a, 0xf2, 0xcf, 0xf6, 0x01, 0x20, 0x00, 0x01, 0x00, 0x00, 0x01,
    0x10, 0x7f, 0x20, 0x00, 0xaf, 0x40, 0x7f, 0x20, 0x07, 0xf6, 0x00, 0x7f, 0x20, 0x5f, 0x80, 0x00,
    0x7f, 0x23, 0xfa, 0x00, 0x00, 0x7f, 0x3e, 0xc0, 0x00, 0x00, 0x7f, 0xde, 0x10, 0x00, 0x00, 0x7f,
    0xaf, 0x60, 0x00, 0x00, 0x7f, 0x2a, 0xf4, 0x00, 0x00, 0x7f, 0x20, 0xdf, 0x30, 0x00, 0x7f, 0x20,
    0x1e, 0xe1, 0x00, 0x7f, 0x20, 0x03, 0xfd, 0x00, 0x7f, 0x20, 0x00, 0x6f, 0xb0, 0x01, 0x00, 0x00,
    0x07, 0xf2, 0x00, 0x00, 0x7f, 0x20, 0x00, 0x07, 0xf2, 0x00, 0x00, 0x7f, 0x20, 0x00, 0x07, 0xf2,
    0x00, 0x00, 0x7f, 0x20, 0x00, 0x07, 0xf2, 0x00, 0x00, 0x7f, 0x20, 0x00, 0x07, 0xf2, 0x00, 0x00,
    0x7f, 0x20, 0x00, 0x07, 0xf7, 0x66, 0x65, 0x7f, 0xff, 0xff, 0xf0, 0x01, 0x10, 0x00, 0x00, 0x00,
    0x01, 0x10, 0x7f, 0xe0, 0x00, 0x00, 0x00, 0x3f, 0xf1, 0x7f, 0xf6, 0x00, 0x00, 0x00, 0xaf, 0xf1,
    0x7f, 0xcc, 0x00, 0x00, 0x01, 0xfc, 0xf1, 0x7f, 0x6f, 0x30, 0x00, 0x08, 0xe7, 0xf1, 0x7f, 0x1e,
    0xa0, 0x00, 0x0e, 0x77, 0xf1, 0x7f, 0x17, 0xf1, 0x00, 0x6f, 0x17, 0xf1, 0x7f, 0x11, 0xf8, 0x00,
    0xda, 0x07, 0xf1, 0x7f, 0x10, 0x9e, 0x04, 0xf3, 0x07, 0xf1, 0x7f, 0x10, 0x2f, 0x5b, 0xc0, 0x07,
    0xf1, 0x7f, 0x10, 0x0b, 0xdf, 0x50, 0x07, 0xf1, 0x7f, 0x10, 0x04, 0xfd, 0x00, 0x07, 0xf1, 0x7f,
    0x10, 0x00, 0xd7, 0x00, 0x07, 0xf1, 0x01, 0x00, 0x00, 0x00, 0x01, 0x07, 0xfd, 0x00, 0x00, 0x01,
    0xf7, 0x7f, 0xf8, 0x00, 0x00, 0x1f, 0x77, 0xf9, 0xf3, 0x00, 0x01, 0xf7, 0x7f, 0x2d, 0xd0, 0x00,
    0x1f, 0x77, 0xf1, 0x4f, 0x70, 0x01, 0xf7, 0x7f, 0x10, 0x9f, 0x20, 0x1f, 0x77, 0xf1, 0x00, 0xec,
    0x01, 0xf7, 0x7f, 0x10, 0x04, 0xf6, 0x1f, 0x77, 0xf1, 0x00, 0x0a, 0xf3, 0xf7, 0x7f, 0x10, 0x00,
    0x1e, 0xbf, 0x77, 0xf1, 0x00, 0x00, 0x6f, 0xf7, 0x7f, 0x10, 0x00, 0x00, 0xbf, 0x70, 0x00, 0x00,
    0x03, 0x43, 0x00, 0x00, 0x00, 0x00, 0x7e, 0xff, 0xff, 0x90, 0x00, 0x00, 0xaf, 0xa4, 0x13, 0x9f,
    0xc0, 0x00, 0x5f, 0x80, 0x00, 0x00, 0x6f, 0x70, 0x0d, 0xe0, 0x00, 0x00, 0x00, 0xde, 0x01, 0xf9,
    0x00, 0x00, 0x00, 0x08, 0xf2, 0x2f, 0x70, 0x00, 0x00, 0x00, 0x6f, 0x33, 0xf7, 0x00, 0x00, 0x00,
    0x06, 0xf3, 0x1f, 0x90, 0x00, 0x00, 0x00, 0x8f, 0x10, 0xde, 0x00, 0x00, 0x00, 0x0d, 0xd0, 0x06,
    0xf9, 0x00, 0x00, 0x07, 0xf5, 0x00, 0x0a, 0xfb, 0x53, 0x5a, 0xf9, 0x00, 0x00, 0x06, 0xef, 0xff,
    0xd6, 0x00, 0x00, 0x00, 0x00, 0x12, 0x10, 0x00, 0x00, 0x01, 0x11, 0x00, 0x00, 0x07, 0xff, 0xff,
    0xe7, 0x00, 0x7f, 0x54, 0x5b, 0xf9, 0x07, 0xf2, 0x00, 0x0c, 0xf0, 0x7f, 0x20, 0x00, 0x8f, 0x17,
    0xf2, 0x00, 0x0b, 0xf0, 0x7f, 0x20, 0x07, 0xf9, 0x07, 0xfe, 0xef, 0xfa, 0x00, 0x7f, 0x87, 0x63,
    0x00, 0x07, 0xf2, 0x00, 0x00, 0x00, 0x7f, 0x20, 0x00, 0x00, 0x07, 0xf2, 0x00, 0x00, 0x00, 0x7f,
    0x20, 0x00, 0x00, 0x00, 0x00, 0x00, 0x03, 0x43, 0x00, 0x00, 0x00, 0x00, 0x07, 0xef, 0xff, 0xf9,
    0x00, 0x00, 0x00, 0xaf, 0xa4, 0x13, 0x9f, 0xc0, 0x00, 0x05, 0xf8, 0x00, 0x00, 0x06, 0xf7, 0x00,
    0x0d, 0xe0, 0x00, 0x00, 0x00, 0xde, 0x00, 0x1f, 0x90, 0x00, 0x00, 0x00, 0x8f, 0x20, 0x2f, 0x70,
    0x00, 0x00, 0x00, 0x6f, 0x30, 0x3f, 0x70, 0x00, 0x00, 0x00, 0x6f, 0x30, 0x1f, 0x90, 0x00, 0x00,
    0x00, 0x8f, 0x10, 0x0d, 0xe0, 0x00, 0x00, 0x00, 0xdd, 0x00, 0x06, 0xf9, 0x00, 0x00, 0x07, 0xf5,
    0x00, 0x00, 0xaf, 0xb5, 0x35, 0xaf, 0x90, 0x00, 0x00, 0x06, 0xef, 0xff, 0xff, 0x50, 0x00, 0x00,
    0x00, 0x01, 0x21, 0x1b, 0xfa, 0x00, 0x00, 0x00, 0x00, 0x00, 0x00, 0x7a, 0x80, 0x01, 0x11, 0x10,
    0x00, 0x00, 0x7f, 0xff, 0xfe, 0x80, 0x00, 0x7f, 0x54, 0x5a, 0xf8, 0x00, 0x7f, 0x20, 0x00, 0xce,
    0x00, 0x7f, 0x20, 0x00, 0xaf, 0x00, 0x7f, 0x20, 0x01, 0xeb, 0x00, 0x7f, 0x87, 0x8e, 0xd2, 0x00,
    0x7f, 0xef, 0xfb, 0x00, 0x00, 0x7f, 0x20, 0x5f, 0x80, 0x00, 0x7f, 0x20, 0x08, 0xf3, 0x00, 0x7f,
    0x20, 0x00, 0xed, 0x00, 0x7f, 0x20, 0x00, 0x5f, 0x70, 0x7f, 0x20, 0x00, 0x0b, 0xf2, 0x00, 0x03,
    0x43, 0x00, 0x08, 0xff, 0xff, 0xe0, 0x9f, 0x82, 0x14, 0x90, 0xeb, 0x00, 0x00, 0x00, 0xed, 0x00,
    0x00, 0x00, 0x8f, 0xb2, 0x00, 0x00, 0x08, 0xff, 0x91, 0x00, 0x00, 0x2b, 0xfe, 0x40, 0x00, 0x00,
    0x3e, 0xe1, 0x00, 0x00, 0x05, 0xf5, 0x00, 0x00, 0x05, 0xf5, 0xe7, 0x43, 0x5e, 0xe1, 0xbf, 0xff,
    0xfb, 0x30, 0x00, 0x22, 0x00, 0x00, 0x11, 0x11, 0x11, 0x11, 0x1a, 0xff, 0xff, 0xff, 0xfe, 0x24,
    0x46, 0xf8, 0x44, 0x30, 0x00, 0x3f, 0x60, 0x00, 0x00, 0x03, 0xf6, 0x00, 0x00, 0x00, 0x3f, 0x60,
    0x00, 0x00, 0x03, 0xf6, 0x00, 0x00, 0x00, 0x3f, 0x60, 0x00, 0x00, 0x03, 0xf6, 0x00, 0x00, 0x00,
    0x3f, 0x60, 0x00, 0x00, 0x03, 0xf6, 0x00, 0x00, 0x00, 0x3f, 0x60, 0x00, 0x00, 0x03, 0xf6, 0x00,
    0x00, 0x11, 0x00, 0x00, 0x00, 0x10, 0x9f, 0x00, 0x00, 0x00, 0xf8, 0x9f, 0x00, 0x00, 0x00, 0xf8,
    0x9f, 0x00, 0x00, 0x00, 0xf8, 0x9f, 0x00, 0x00, 0x00, 0xf8, 0x9f, 0x00, 0x00, 0x00, 0xf8, 0x9f,
    0x00, 0x00, 0x00, 0xf8, 0x9f, 0x00, 0x00, 0x00, 0xf8, 0x9f, 0x00, 0x00, 0x00, 0xf8, 0x7f, 0x20,
    0x00, 0x02, 0xf6, 0x4f, 0x80, 0x00, 0x08, 0xf2, 0x0c, 0xf9, 0x44, 0x9f, 0xa0, 0x01, 0xaf, 0xff,
    0xf9, 0x00, 0x00, 0x00, 0x22, 0x00, 0x00, 0x11, 0x00, 0x00, 0x00, 0x01, 0x1a, 0xf1, 0x00, 0x00,
    0x03, 0xf7, 0x4f, 0x60, 0x00, 0x00, 0x8f, 0x10, 0xec, 0x00, 0x00, 0x0e, 0xb0, 0x09, 0xf1, 0x00,
    0x04, 0xf5, 0x00, 0x3f, 0x70, 0x00, 0x9f, 0x00, 0x00, 0xdc, 0x00, 0x0e, 0x90, 0x00, 0x07, 0xf2,
    0x05, 0xf4, 0x00, 0x00, 0x2f, 0x70, 0xae, 0x00, 0x00, 0x00, 0xcd, 0x0f, 0x80, 0x00, 0x00, 0x06,
    0xf8, 0xf2, 0x00, 0x00, 0x00, 0x1f, 0xec, 0x00, 0x00, 0x00, 0x00, 0xaf, 0x60, 0x00, 0x00, 0x11,
    0x00, 0x00, 0x00, 0x10, 0x00, 0x00, 0x11, 0x09, 0xf1, 0x00, 0x00, 0xaf, 0x30, 0x00, 0x0c, 0xe0,
    0x5f, 0x50, 0x00, 0x0e, 0xf7, 0x00, 0x00, 0xfa, 0x00, 0xfa, 0x00, 0x03, 0xfc, 0xc0, 0x00, 0x4f,
    0x50, 0x0b, 0xe0, 0x00, 0x8e, 0x8f, 0x00, 0x08, 0xf1, 0x00, 0x7f, 0x20, 0x0c, 0xa3, 0xf4, 0x00,
    0xcc, 0x00, 0x02, 0xf7, 0x01, 0xf5, 0x0e, 0x90, 0x0f, 0x80, 0x00, 0x0d, 0xb0, 0x5f, 0x10, 0xad,
    0x04, 0xf3, 0x00, 0x00, 0x9f, 0x0a, 0xc0, 0x06, 0xf1, 0x9e, 0x00, 0x00, 0x04, 0xf4, 0xe8, 0x00,
    0x1f, 0x6d, 0xa0, 0x00, 0x00, 0x0f, 0xaf, 0x30, 0x00, 0xdb, 0xf6, 0x00, 0x00, 0x00, 0xbf, 0xe0,
    0x00, 0x08, 0xff, 0x10, 0x00, 0x00, 0x06, 0xfa, 0x00, 0x00, 0x4f, 0xd0, 0x00, 0x00, 0x01, 0x00,
    0x00, 0x00, 0x11, 0x02, 0xfc, 0x00, 0x00, 0x2f, 0xa0, 0x07, 0xf5, 0x00, 0x0b, 0xe1, 0x00, 0x0d,
    0xe0, 0x05, 0xf6, 0x00, 0x00, 0x4f, 0x70, 0xec, 0x00, 0x00, 0x00, 0xaf, 0x9f, 0x20, 0x00, 0x00,
    0x01, 0xff, 0x80, 0x00, 0x00, 0x00, 0x2f, 0xfa, 0x00, 0x00, 0x00, 0x0c, 0xd7, 0xf4, 0x00, 0x00,
    0x07, 0xf4, 0x0d, 0xd0, 0x00, 0x02, 0xfa, 0x00, 0x4f, 0x80, 0x00, 0xce, 0x10, 0x00, 0xbf, 0x20,
    0x7f, 0x60, 0x00, 0x02, 0xfc, 0x00, 0x11, 0x00, 0x00, 0x00, 0x10, 0x8f, 0x30, 0x00, 0x06, 0xf4,
    0x1f, 0xb0, 0x00, 0x0e, 0xb0, 0x08, 0xf3, 0x00, 0x6f, 0x30, 0x01, 0xfb, 0x00, 0xeb, 0x00, 0x00,
    0x8f, 0x27, 0xf2, 0x00, 0x00, 0x1f, 0xae, 0xa0, 0x00, 0x00, 0x08, 0xff, 0x20, 0x00, 0x00, 0x01,
    0xfa, 0x00, 0x00, 0x00, 0x00, 0xf9, 0x00, 0x00, 0x00, 0x00, 0xf9, 0x00, 0x00, 0x00, 0x00, 0xf9,
    0x00, 0x00, 0x00, 0x00, 0xf9, 0x00, 0x00, 0x01, 0x11, 0x11, 0x11, 0x10, 0x2f, 0xff, 0xff, 0xff,
    0xf6, 0x04, 0x44, 0x44, 0x5f, 0xc0, 0x00, 0x00, 0x00, 0x9f, 0x20, 0x00, 0x00, 0x04, 0xf6, 0x00,
    0x00, 0x00, 0x1e, 0xb0, 0x00, 0x00, 0x00, 0xaf, 0x10, 0x00, 0x00, 0x05, 0xf6, 0x00, 0x00, 0x00,
    0x1e, 0xb0, 0x00, 0x00, 0x00, 0xae, 0x10, 0x00, 0x00, 0x05, 0xf5, 0x00, 0x00, 0x00, 0x1e, 0xd6,
    0x66, 0x66, 0x62, 0xaf, 0xff, 0xff, 0xff, 0xf6, 0x01, 0x11, 0x4f, 0xfe, 0x4f, 0x00, 0x4f, 0x00,
    0x4f, 0x00, 0x4f, 0x00, 0x4f, 0x00, 0x4f, 0x00, 0x4f, 0x00, 0x4f, 0x00, 0x4f, 0x00, 0x4f, 0x00,
    0x4f, 0x00, 0x4f, 0x00, 0x4f, 0x54, 0x3c, 0xca, 0x01, 0x00, 0x00, 0x00, 0x0e, 0x70, 0x00, 0x00,
    0x08, 0xd0, 0x00, 0x00, 0x02, 0xf4, 0x00, 0x00, 0x00, 0xba, 0x00, 0x00, 0x00, 0x5f, 0x10, 0x00,
    0x00, 0x0e, 0x70, 0x00, 0x00, 0x08, 0xd0, 0x00, 0x00, 0x02, 0xf4, 0x00, 0x00, 0x00, 0xba, 0x00,
    0x00, 0x00, 0x5f, 0x10, 0x00, 0x00, 0x0e, 0x70, 0x00, 0x00, 0x08, 0xd0, 0x00, 0x00, 0x02, 0xf4,
    0x00, 0x00, 0x00, 0xba, 0x00, 0x00, 0x00, 0x00, 0x01, 0x11, 0x8f, 0xfa, 0x00, 0xaa, 0x00, 0xaa,
    0x00, 0xaa, 0x00, 0xaa, 0x00, 0xaa, 0x00, 0xaa, 0x00, 0xaa, 0x00, 0xaa, 0x00, 0xaa, 0x00, 0xaa,
    0x00, 0xaa, 0x00, 0xaa, 0x25, 0xca, 0x6c, 0xc8, 0x00, 0x00, 0x21, 0x00, 0x00, 0x00, 0x0e, 0x90,
    0x00, 0x00, 0x06, 0xef, 0x20, 0x00, 0x00, 0xe5, 0xaa, 0x00, 0x00, 0x7d, 0x02, 0xf3, 0x00, 0x0e,
    0x50, 0x09, 0xc0, 0x07, 0xd0, 0x00, 0x1f, 0x40, 0xa5, 0x00, 0x00, 0x69, 0xee, 0xee, 0xee, 0xe2,
    0x11, 0x11, 0x11, 0x10, 0x00, 0x00, 0x00, 0xd8, 0x00, 0x02, 0xe3, 0x00, 0x04, 0x90, 0x00, 0x7b,
    0xcb, 0x40, 0x06, 0xd8, 0x6c, 0xf3, 0x01, 0x00, 0x00, 0xf8, 0x00, 0x01, 0x46, 0xea, 0x03, 0xdf,
    0xec, 0xfa, 0x0e, 0xb1, 0x00, 0xda, 0x3f, 0x40, 0x01, 0xfa, 0x1f, 0xb1, 0x2c, 0xfa, 0x07, 0xff,
    0xf6, 0xda, 0x00, 0x02, 0x00, 0x00, 0x7b, 0x00, 0x00, 0x00, 0x0a, 0xe0, 0x00, 0x00, 0x00, 0xae,
    0x00, 0x00, 0x00, 0x0a, 0xe0, 0x00, 0x00, 0x00, 0xae, 0x08, 0xcc, 0x70, 0x0a, 0xec, 0xa7, 0xbf,
    0x90, 0xaf, 0x70, 0x00, 0xaf, 0x1a, 0xf0, 0x00, 0x03, 0xf5, 0xae, 0x00, 0x00, 0x2f, 0x6a, 0xe0,
    0x00, 0x04, 0xf5, 0xaf, 0x20, 0x00, 0x9f, 0x1a, 0xfd, 0x31, 0x7f, 0x90, 0xae, 0x6f, 0xff, 0xa0,
    0x00, 0x00, 0x02, 0x10, 0x00, 0x00, 0x18, 0xcd, 0xa2, 0x01, 0xdf, 0x97, 0xa5, 0x0a, 0xf2, 0x00,
    0x00, 0x0f, 0x90, 0x00, 0x00, 0x2f, 0x60, 0x00, 0x00, 0x2f, 0x70, 0x00, 0x00, 0x0e, 0xc0, 0x00,
    0x00, 0x06, 0xfa, 0x31, 0x53, 0x00, 0x7f, 0xff, 0xe3, 0x00, 0x00, 0x22, 0x00, 0x00, 0x00, 0x00,
    0x08, 0xb0, 0x00, 0x00, 0x00, 0xae, 0x00, 0x00, 0x00, 0x0a, 0xe0, 0x00, 0x00, 0x00, 0xae, 0x00,
    0x2a, 0xdb, 0x5a, 0xe0, 0x2f, 0xe8, 0x8e, 0xee, 0x0b, 0xe1, 0x00, 0x2f, 0xe0, 0xf8, 0x00, 0x00,
    0xbe, 0x2f, 0x60, 0x00, 0x0a, 0xe1, 0xf7, 0x00, 0x00, 0xbe, 0x0f, 0xb0, 0x00, 0x1f, 0xe0, 0x8f,
    0x82, 0x3c, 0xee, 0x00, 0xaf, 0xff, 0x7a, 0xe0, 0x00, 0x12, 0x00, 0x00, 0x00, 0x19, 0xcc, 0x70,
    0x00, 0x2e, 0xd7, 0x8f, 0x90, 0x0b, 0xd0, 0x00, 0x6f, 0x11, 0xf9, 0x22, 0x24, 0xf4, 0x2f, 0xff,
    0xff, 0xff, 0x62, 0xf7, 0x11, 0x11, 0x10, 0x0e, 0xb0, 0x00, 0x00, 0x00, 0x8f, 0x82, 0x15, 0x90,
    0x00, 0x8f, 0xff, 0xe7, 0x00, 0x00, 0x02, 0x10, 0x00, 0x00, 0x1a, 0xeb, 0x00, 0xbe, 0x55, 0x00,
    0xf8, 0x00, 0x01, 0xf7, 0x00, 0x5a, 0xfc, 0xa4, 0x5a, 0xfc, 0xa4, 0x01, 0xf7, 0x00, 0x01, 0xf7,
    0x00, 0x01, 0xf7, 0x00, 0x01, 0xf7, 0x00, 0x01, 0xf7, 0x00, 0x01, 0xf7, 0x00, 0x01, 0xf7, 0x00,
    0x00, 0x2a, 0xdb, 0x46, 0x80, 0x2f, 0xe8, 0x8e, 0xee, 0x0b, 0xe1, 0x00, 0x2f, 0xe0, 0xf8, 0x00,
    0x00, 0xbe, 0x2f, 0x60, 0x00, 0x0a, 0xe2, 0xf7, 0x00, 0x00, 0xbe, 0x0f, 0xb0, 0x00, 0x1f, 0xe0,
    0x8f, 0x82, 0x3c, 0xee, 0x00, 0xaf, 0xff, 0x7a, 0xd0, 0x00, 0x12, 0x00, 0xcc, 0x00, 0x00, 0x00,
    0x3f, 0x80, 0x88, 0x44, 0x7e, 0xe1, 0x05, 0xdf, 0xff, 0xa1, 0x00, 0x00, 0x00, 0x00, 0x00, 0x7b,
    0x00, 0x00, 0x00, 0xae, 0x00, 0x00, 0x00, 0xae, 0x00, 0x00, 0x00, 0xae, 0x00, 0x00, 0x00, 0xae,
    0x19, 0xcb, 0x40, 0xae, 0xc9, 0x7d, 0xf2, 0xaf, 0x60, 0x02, 0xf8, 0xaf, 0x00, 0x00, 0xea, 0xae,
    0x00, 0x00, 0xda, 0xae, 0x00, 0x00, 0xda, 0xae, 0x00, 0x00, 0xda, 0xae, 0x00, 0x00, 0xda, 0xae,
    0x00, 0x00, 0xda, 0x58, 0x0b, 0xf1, 0x12, 0x00, 0x00, 0x69, 0x0a, 0xe0, 0xae, 0x0a, 0xe0, 0xae,
    0x0a, 0xe0, 0xae, 0x0a, 0xe0, 0xae, 0x00, 0x00, 0x05, 0x80, 0x00, 0x0b, 0xf1, 0x00, 0x01, 0x20,
    0x00, 0x00, 0x00, 0x00, 0x06, 0x90, 0x00, 0x0a, 0xe0, 0x00, 0x0a, 0xe0, 0x00, 0x0a, 0xe0, 0x00,
    0x0a, 0xe0, 0x00, 0x0a, 0xe0, 0x00, 0x0a, 0xe0, 0x00, 0x0a, 0xe0, 0x00, 0x0a, 0xe0, 0x00, 0x0a,
    0xc0, 0x00, 0x0d, 0xa0, 0x44, 0x9f, 0x30, 0x8f, 0xe6, 0x00, 0x00, 0x00, 0x00, 0x7b, 0x00, 0x00,
    0x00, 0xae, 0x00, 0x00, 0x00, 0xae, 0x00, 0x00, 0x00, 0xae, 0x00, 0x00, 0x00, 0xae, 0x00, 0x08,
    0x91, 0xae, 0x00, 0x9f, 0x50, 0xae, 0x07, 0xf6, 0x00, 0xae, 0x5f, 0x70, 0x00, 0xaf, 0xfb, 0x00,
    0x00, 0xae, 0x7f, 0x60, 0x00, 0xae, 0x09, 0xf5, 0x00, 0xae, 0x00, 0xbf, 0x50, 0xae, 0x00, 0x0c,
    0xf4, 0x8b, 0xae, 0xae, 0xae, 0xae, 0xae, 0xae, 0xae, 0xae, 0xae, 0xae, 0xae, 0xae, 0x69, 0x19,
    0xca, 0x20, 0x7c, 0xb6, 0x0a, 0xec, 0x88, 0xfd, 0xac, 0x7c, 0xf5, 0xaf, 0x50, 0x07, 0xfc, 0x00,
    0x0e, 0xaa, 0xf0, 0x00, 0x3f, 0x70, 0x00, 0xcc, 0xae, 0x00, 0x02, 0xf5, 0x00, 0x0b, 0xda, 0xe0,
    0x00, 0x2f, 0x50, 0x00, 0xbd, 0xae, 0x00, 0x02, 0xf5, 0x00, 0x0b, 0xda, 0xe0, 0x00, 0x2f, 0x50,
    0x00, 0xbd, 0xae, 0x00, 0x02, 0xf5, 0x00, 0x0b, 0xd0, 0x69, 0x19, 0xcb, 0x40, 0xae, 0xc9, 0x7d,
    0xf2, 0xaf, 0x50, 0x02, 0xf8, 0xaf, 0x00, 0x00, 0xea, 0xae, 0x00, 0x00, 0xda, 0xae, 0x00, 0x00,
    0xda, 0xae, 0x00, 0x00, 0xda, 0xae, 0x00, 0x00, 0xda, 0xae, 0x00, 0x00, 0xda, 0x00, 0x18, 0xcd,
    0xa4, 0x00, 0x02, 0xee, 0x87, 0xcf, 0x60, 0x0b, 0xe1, 0x00, 0x0c, 0xf0, 0x1f, 0x80, 0x00, 0x05,
    0xf4, 0x2f, 0x60, 0x00, 0x03, 0xf5, 0x2f, 0x70, 0x00, 0x04, 0xf4, 0x0e, 0xc0, 0x00, 0x08, 0xf1,
    0x06, 0xfa, 0x22, 0x7f, 0x80, 0x00, 0x6e, 0xff, 0xf8, 0x00, 0x00, 0x00, 0x22, 0x00, 0x00, 0x69,
    0x08, 0xcc, 0x70, 0x0a, 0xec, 0xa7, 0xbf, 0x90, 0xaf, 0x70, 0x00, 0xaf, 0x1a, 0xf0, 0x00, 0x03,
    0xf5, 0xae, 0x00, 0x00, 0x2f, 0x6a, 0xe0, 0x00, 0x04, 0xf5, 0xaf, 0x20, 0x00, 0x9f, 0x1a, 0xfd,
    0x31, 0x7f, 0xa0, 0xae, 0x6f, 0xff, 0xa0, 0x0a, 0xe0, 0x02, 0x10, 0x00, 0xae, 0x00, 0x00, 0x00,
    0x0a, 0xe0, 0x00, 0x00, 0x00, 0x9e, 0x00, 0x00, 0x00, 0x00, 0x00, 0x2a, 0xcb, 0x56, 0x80, 0x2f,
    0xe8, 0x8e, 0xee, 0x0b, 0xe1, 0x00, 0x2f, 0xe0, 0xf8, 0x00, 0x00, 0xbe, 0x2f, 0x60, 0x00, 0x0a,
    0xe1, 0xf7, 0x00, 0x00, 0xbe, 0x0f, 0xb0, 0x00, 0x1e, 0xe0, 0x8f, 0x82, 0x3c, 0xee, 0x00, 0xaf,
    0xff, 0x7a, 0xe0, 0x00, 0x12, 0x00, 0xae, 0x00, 0x00, 0x00, 0x0a, 0xe0, 0x00, 0x00, 0x00, 0xae,
    0x00, 0x00, 0x00, 0x0a, 0xd0, 0x69, 0x1a, 0xba, 0xec, 0xbb, 0xaf, 0x80, 0x0a, 0xf1, 0x00, 0xae,
    0x00, 0x0a, 0xe0, 0x00, 0xae, 0x00, 0x0a, 0xe0, 0x00, 0xae, 0x00, 0x00, 0x00, 0x7b, 0xdb, 0x20,
    0xbe, 0x77, 0xa4, 0x0f, 0x80, 0x00, 0x00, 0xed, 0x30, 0x00, 0x03, 0xdf, 0xc4, 0x00, 0x00, 0x5c,
    0xf5, 0x00, 0x00, 0x0e, 0xa1, 0x82, 0x04, 0xf7, 0x1e, 0xff, 0xf9, 0x00, 0x02, 0x20, 0x00, 0x00,
    0x00, 0x00, 0x01, 0xe6, 0x00, 0x02, 0xf6, 0x00, 0x6b, 0xfc, 0xa5, 0x6a, 0xfc, 0xa5, 0x02, 0xf6,
    0x00, 0x02, 0xf6, 0x00, 0x02, 0xf6, 0x00, 0x02, 0xf6, 0x00, 0x02, 0xf6, 0x00, 0x00, 0xfb, 0x11,
    0x00, 0x8f, 0xf8, 0x00, 0x01, 0x20, 0x87, 0x00, 0x00, 0xa5, 0xcb, 0x00, 0x00, 0xf8, 0xcb, 0x00,
    0x00, 0xf8, 0xcb, 0x00, 0x00, 0xf8, 0xcb, 0x00, 0x00, 0xf8, 0xcb, 0x00, 0x01, 0xf8, 0xae, 0x00,
    0x04, 0xf8, 0x6f, 0x81, 0x4d, 0xf8, 0x0a, 0xff, 0xe4, 0xf8, 0x00, 0x12, 0x00, 0x00, 0x79, 0x00,
    0x00, 0x4a, 0x27, 0xf2, 0x00, 0x0b, 0xd0, 0x1f, 0x80, 0x01, 0xf7, 0x00, 0xbd, 0x00, 0x6f, 0x10,
    0x05, 0xf3, 0x0c, 0xa0, 0x00, 0x0e, 0x81, 0xf4, 0x00, 0x00, 0x9d, 0x7e, 0x00, 0x00, 0x03, 0xfd,
    0x70, 0x00, 0x00, 0x0d, 0xf1, 0x00, 0x00, 0x79, 0x00, 0x04, 0xa2, 0x00, 0x1a, 0x37, 0xf1, 0x00,
    0xaf, 0x70, 0x05, 0xf1, 0x2f, 0x50, 0x0e, 0xdb, 0x00, 0x9c, 0x00, 0xda, 0x03, 0xf5, 0xf0, 0x0e,
    0x70, 0x08, 0xe0, 0x8b, 0x0f, 0x42, 0xf3, 0x00, 0x4f, 0x2c, 0x60, 0xb9, 0x6e, 0x00, 0x00, 0xe8,
    0xf1, 0x07, 0xda, 0x90, 0x00, 0x0a, 0xec, 0x00, 0x2f, 0xe4, 0x00, 0x00, 0x5f, 0x70, 0x00, 0xef,
    0x00, 0x00, 0x4a, 0x30, 0x00, 0x97, 0x0e, 0xc0, 0x07, 0xf2, 0x04, 0xf5, 0x1f, 0x70, 0x00, 0xad,
    0xac, 0x00, 0x00, 0x1f, 0xf3, 0x00, 0x00, 0x6f, 0xe8, 0x00, 0x01, 0xf7, 0x6f, 0x30, 0x0c, 0xd0,
    0x0c, 0xd0, 0x7f, 0x40, 0x03, 0xf8, 0x79, 0x00, 0x00, 0x2a, 0x27, 0xf3, 0x00, 0x09, 0xe0, 0x1f,
    0x80, 0x00, 0xe8, 0x00, 0xae, 0x00, 0x5f, 0x20, 0x04, 0xf3, 0x0a, 0xc0, 0x00, 0x0d, 0x91, 0xf6,
    0x00, 0x00, 0x7e, 0x6f, 0x00, 0x00, 0x01, 0xfe, 0x90, 0x00, 0x00, 0x0b, 0xf3, 0x00, 0x00, 0x00,
    0xbc, 0x00, 0x00, 0x00, 0x2f, 0x60, 0x00, 0x03, 0x4c, 0xd0, 0x00, 0x00, 0x9f, 0xc2, 0x00, 0x00,
    0x00, 0x00, 0x00, 0x00, 0x00, 0x2a, 0xaa, 0xaa, 0xa4, 0x2a, 0xaa, 0xaf, 0xe1, 0x00, 0x00, 0x5f,
    0x40, 0x00, 0x02, 0xf9, 0x00, 0x00, 0x0c, 0xc0, 0x00, 0x00, 0x8f, 0x20, 0x00, 0x04, 0xf6, 0x00,
    0x00, 0x1e, 0xd4, 0x44, 0x41, 0xaf, 0xff, 0xff, 0xf7, 0x00, 0x00, 0x00, 0x02, 0xdc, 0x00, 0xbc,
    0x10, 0x0d, 0x70, 0x00, 0xe7, 0x00, 0x0e, 0x70, 0x00, 0xf6, 0x00, 0x8f, 0x20, 0x2f, 0x90, 0x00,
    0x2f, 0x40, 0x00, 0xe7, 0x00, 0x0e, 0x70, 0x00, 0xe7, 0x00, 0x0d, 0x80, 0x00, 0x8e, 0x50, 0x00,
    0x78, 0x12, 0x8d, 0x8d, 0x8d, 0x8d, 0x8d, 0x8d, 0x8d, 0x8d, 0x8d, 0x8d, 0x8d, 0x8d, 0x8d, 0x8d,
    0x8d, 0x8d, 0x8d, 0x01, 0x00, 0x00, 0x06, 0xf6, 0x00, 0x07, 0xf1, 0x00, 0x1f, 0x30, 0x01, 0xf4,
    0x00, 0x1f, 0x40, 0x00, 0xf5, 0x00, 0x0b, 0xc2, 0x00, 0x4f, 0x80, 0x0e, 0x80, 0x01, 0xf4, 0x00,
    0x1f, 0x40, 0x01, 0xf4, 0x00, 0x2f, 0x30, 0x2b, 0xe0, 0x04, 0x92, 0x00, 0x00, 0x34, 0x00, 0x00,
    0x50, 0x09, 0xfe, 0xe6, 0x05, 0xf0, 0x1f, 0x30, 0x6e, 0xff, 0x70, 0x15, 0x00, 0x00, 0x32, 0x00,
    0x00, 0x12, 0x00, 0x05, 0xed, 0xc1, 0x0f, 0x20, 0xa7, 0x0f, 0x10, 0x88, 0x08, 0xda, 0xe2, 0x00,
    0x46, 0x10, 0x02, 0x10, 0xfd, 0x08, 0x70, 0x6f, 0xff, 0xff, 0xff, 0xff, 0xff, 0xff, 0xf6, 0x14,
    0x44, 0x44, 0x46, 0xfa, 0x44, 0x44, 0x42, 0x00, 0x00, 0x00, 0x0c, 0xe0, 0x00, 0x00, 0x00, 0x00,
    0x00, 0x00, 0x8f, 0x40, 0x00, 0x00, 0x00, 0x00, 0x00, 0x05, 0xfe, 0x60, 0x00, 0x00, 0x00, 0x00,
    0x00, 0x3f, 0xab, 0x94, 0xe4, 0x00, 0x00, 0x00, 0x04, 0xfa, 0x0b, 0x91, 0x9f, 0xa1, 0x00, 0x00,
    0x6f, 0xb0, 0x0b, 0x90, 0x04, 0xee, 0x50, 0x1a, 0xf8, 0x00, 0x0b, 0x90, 0x00, 0x1a, 0xf8, 0xae,
    0x40, 0x00, 0x0b, 0x90, 0x00, 0x00, 0x62, 0x12, 0x00, 0x00, 0x0b, 0x90, 0x00, 0x00, 0x00, 0x00,
    0x00, 0x00, 0x0b, 0x90, 0x00, 0x00, 0x00, 0x00, 0x00, 0x00, 0x0b, 0x90, 0x00, 0x00, 0x00, 0x00,
    0x00, 0x00, 0x0b, 0x90, 0x00, 0x00, 0x00, 0x00, 0x00, 0x00, 0x02, 0x10, 0x00, 0x00, 0x00, 0x37,
    0x77, 0x77, 0x77, 0x77, 0x77, 0x77, 0x74, 0x4b, 0xbb, 0xbc, 0xfb, 0xbe, 0xdb, 0xbb, 0xb6, 0x00,
    0xa2, 0x04, 0xf0, 0x0b, 0x90, 0x09, 0x20, 0x00, 0xad, 0x04, 0xf0, 0x0b, 0x90, 0x8f, 0x20, 0x00,
    0x1e, 0x64, 0xf0, 0x0b, 0x94, 0xf4, 0x00, 0x00, 0x01, 0x04, 0xf0, 0x0b, 0x90, 0x30, 0x00, 0x04,
    0xff, 0xff, 0xff, 0xff, 0xff, 0xff, 0xf8, 0x04, 0xf3, 0x22, 0x22, 0x22, 0x22, 0x22, 0x21, 0x04,
    0xf0, 0x00, 0x00, 0x00, 0x00, 0x00, 0x00, 0x05, 0xf0, 0x00, 0x00, 0x00, 0x00, 0x00, 0x00, 0x07,
    0xd0, 0x00, 0x00, 0x00, 0x00, 0x00, 0x00, 0x0a, 0xa0, 0x00, 0x00, 0x00, 0x00, 0x00, 0x00, 0x0f,
    0x50, 0x00, 0x00, 0x00, 0x00, 0x00, 0x00, 0x8e, 0x00, 0x00, 0x00, 0x00, 0x00, 0x00, 0x00, 0x66,
    0x00, 0x00, 0x00, 0x00, 0x00, 0x00, 0x00, 0x00, 0x00, 0x00, 0x00, 0x00, 0x00, 0x00, 0x00, 0x00,
    0x00, 0x00, 0x33, 0x00, 0x00, 0x00, 0x00, 0x00, 0x00, 0xaa, 0x00, 0x00, 0x00, 0x00, 0x00, 0x00,
    0xaa, 0x00, 0x00, 0x00, 0x00, 0x00, 0x00, 0xaa, 0x00, 0x00, 0x00, 0xaf, 0xff, 0xff, 0xff, 0xff,
    0xff, 0xfb, 0xba, 0x33, 0x33, 0xbb, 0x33, 0x33, 0xac, 0xb9, 0x00, 0x00, 0xaa, 0x00, 0x00, 0x8c,
    0xb9, 0x00, 0x00, 0xaa, 0x00, 0x00, 0x8c, 0xb9, 0x00, 0x00, 0xaa, 0x00, 0x00, 0x8c, 0xbe, 0xdd,
    0xdd, 0xff, 0xdd, 0xdd, 0xec, 0xbb, 0x55, 0x55, 0xcc, 0x55, 0x55, 0xbc, 0x21, 0x00, 0x00, 0xaa,
    0x00, 0x00, 0x12, 0x00, 0x00, 0x00, 0xaa, 0x00, 0x00, 0x00, 0x00, 0x00, 0x00, 0xaa, 0x00, 0x00,
    0x00, 0x00, 0x00, 0x00, 0xaa, 0x00, 0x00, 0x00, 0x00, 0x00, 0x00, 0xaa, 0x00, 0x00, 0x00, 0x00,
    0x00, 0x00, 0x11, 0x00, 0x00, 0x00, 0x00, 0x00, 0x00, 0x03, 0x00, 0x00, 0x00, 0x00, 0x00, 0x00,
    0x00, 0x0e, 0x60, 0x00, 0x00, 0x00, 0x3c, 0xcc, 0xcc, 0xce, 0xec, 0xcc, 0xcc, 0xc4, 0x14, 0x44,
    0x44, 0x44, 0x44, 0x44, 0x44, 0x41, 0x00, 0x0a, 0xbb, 0xbb, 0xbb, 0xbb, 0x90, 0x00, 0x00, 0x0f,
    0x54, 0x44, 0x44, 0x46, 0xe0, 0x00, 0x00, 0x0f, 0x87, 0x77, 0x77, 0x79, 0xe0, 0x00, 0x00, 0x0e,
    0x88, 0x88, 0x88, 0x89, 0xd0, 0x00, 0x07, 0x77, 0x77, 0x77, 0x77, 0x77, 0x77, 0x70, 0x1f, 0xaa,
    0xaa, 0xaa, 0xaa, 0xaa, 0xaa, 0xf1, 0x1f, 0x20, 0x24, 0x44, 0x44, 0x40, 0x02, 0xf1, 0x00, 0x00,
    0x7e, 0xcc, 0xcc, 0xf2, 0x00, 0x00, 0x00, 0x00, 0x99, 0x00, 0x00, 0xf2, 0x00, 0x57, 0x00, 0x01,
    0xe5, 0x00, 0x00, 0xf2, 0x00, 0x8a, 0x02, 0x7e, 0xb0, 0x00, 0x00, 0xe9, 0x45, 0xe6, 0x6f, 0xd6,
    0x00, 0x00, 0x00, 0x5c, 0xdc, 0x90, 0x01, 0x00, 0x00, 0x00, 0x00, 0x00, 0x00, 0x00, 0x00, 0x00,
    0x00, 0x00, 0x00, 0x21, 0x00, 0x00, 0x00, 0x09, 0xb0, 0x00, 0x00, 0xb8, 0x00, 0x00, 0x00, 0x0e,
    0x60, 0x1f, 0x30, 0xb8, 0x00, 0x00, 0x00, 0x4f, 0x10, 0x6f, 0x00, 0xb8, 0x00, 0x00, 0x00, 0xab,
    0x00, 0xae, 0x99, 0xed, 0x99, 0x92, 0x02, 0xfa, 0x01, 0xf9, 0x88, 0xdc, 0x88, 0x82, 0x0a, 0xfa,
    0x08, 0xe0, 0x00, 0xb8, 0x00, 0x00, 0x3f, 0xca, 0x0e, 0x70, 0x00, 0xb8, 0x00, 0x00, 0xb9, 0x9a,
    0x02, 0x00, 0x00, 0xb8, 0x00, 0x00, 0x51, 0x9a, 0x18, 0x88, 0x88, 0xdc, 0x88, 0x86, 0x00, 0x9a,
    0x18, 0x88, 0x88, 0xdc, 0x88, 0x86, 0x00, 0x9a, 0x00, 0x00, 0x00, 0xb8, 0x00, 0x00, 0x00, 0x9a,
    0x00, 0x00, 0x00, 0xb8, 0x00, 0x00, 0x00, 0x9a, 0x00, 0x00, 0x00, 0xb8, 0x00, 0x00, 0x00, 0x9a,
    0x00, 0x00, 0x00, 0xb8, 0x00, 0x00, 0x00, 0x9a, 0x00, 0x00, 0x00, 0xb8, 0x00, 0x00, 0x00, 0x00,
    0x00, 0x00, 0x00, 0x00, 0x00, 0x00, 0x00, 0x00, 0x00, 0x00, 0x20, 0x00, 0x00, 0x00, 0x00, 0x05,
    0xf0, 0x00, 0xf4, 0x0b, 0x40, 0x00, 0x00, 0x0b, 0xa0, 0x00, 0xf4, 0x07, 0xf9, 0x00, 0x00, 0x2f,
    0x30, 0x00, 0xf4, 0x00, 0x4c, 0x00, 0x00, 0x9c, 0x00, 0x00, 0xf4, 0x00, 0x00, 0x00, 0x02, 0xf7,
    0x7f, 0xff, 0xff, 0xff, 0xff, 0xf7, 0x0a, 0xf7, 0x01, 0x13, 0xf4, 0xf4, 0x11, 0x10, 0x5f, 0xd7,
    0x00, 0x04, 0xf1, 0xf3, 0x00, 0x00, 0xa7, 0xb7, 0x00, 0x06, 0xe1, 0xf3, 0x00, 0x00, 0x20, 0xb7,
    0x00, 0x0a, 0xa1, 0xf3, 0x00, 0x00, 0x00, 0xb7, 0x00, 0x0f, 0x51, 0xf3, 0x00, 0x00, 0x00, 0xb7,
    0x00, 0x7f, 0x01, 0xf3, 0x00, 0x99, 0x00, 0xb7, 0x01, 0xf7, 0x01, 0xf3, 0x00, 0xa9, 0x00, 0xb7,
    0x0b, 0xe0, 0x01, 0xf3, 0x00, 0xd7, 0x00, 0xb7, 0x9f, 0x30, 0x00, 0xee, 0xbc, 0xf2, 0x00, 0xb7,
    0x95, 0x00, 0x00, 0x27, 0x87, 0x30, 0x00, 0x00, 0x00, 0x00, 0x00, 0x00, 0x00, 0x00, 0x00, 0x01,
    0x10, 0x00, 0x02, 0x00, 0x00, 0x00, 0x00, 0x09, 0xb0, 0x00, 0x0e, 0x60, 0x00, 0x00, 0x00, 0x0e,
    0x63, 0x33, 0x38, 0xd3, 0x33, 0x32, 0x00, 0x5f, 0x4e, 0xee, 0xee, 0xee, 0xee, 0xea, 0x00, 0xb9,
    0x00, 0x00, 0x00, 0x00, 0x00, 0x00, 0x03, 0xf6, 0x04, 0xaa, 0xaa, 0xaa, 0xaa, 0x80, 0x0b, 0xf6,
    0x02, 0x66, 0x66, 0x66, 0x66, 0x50, 0x5f, 0xd6, 0x00, 0x22, 0x22, 0x22, 0x22, 0x10, 0xa6, 0xc6,
    0x06, 0xff, 0xff, 0xff, 0xff, 0xb0, 0x20, 0xc6, 0x00, 0x00, 0x00, 0x00, 0x00, 0x00, 0x00, 0xc6,
    0x02, 0x99, 0x99, 0x99, 0x99, 0x60, 0x00, 0xc6, 0x04, 0xf7, 0x77, 0x77, 0x7c, 0xa0, 0x00, 0xc6,
    0x04, 0xf0, 0x00, 0x00, 0x09, 0xa0, 0x00, 0xc6, 0x04, 0xf0, 0x00, 0x00, 0x09, 0xa0, 0x00, 0xc6,
    0x04, 0xfd, 0xdd, 0xdd, 0xdf, 0xa0, 0x00, 0xc6, 0x04, 0xf3, 0x33, 0x33, 0x3a, 0xa0, 0x00, 0x10,
    0x00, 0x20, 0x00, 0x00, 0x01, 0x10, 0x00, 0x00, 0x00, 0x03, 0x20, 0x00, 0x00, 0x00, 0x00, 0x00,
    0x00, 0x0a, 0x90, 0x00, 0x00, 0x00, 0x02, 0xd1, 0x00, 0x0a, 0x90, 0x00, 0x2d, 0x30, 0x00, 0xcd,
    0x00, 0x0a, 0x90, 0x00, 0xdc, 0x00, 0x00, 0x1e, 0xb0, 0x0a, 0x90, 0x0c, 0xd1, 0x00, 0x00, 0x03,
    0xf4, 0x0a, 0x90, 0x8e, 0x10, 0x00, 0x00, 0x00, 0x10, 0x0a, 0x90, 0x01, 0x00, 0x00, 0x6b, 0xbb,
    0xbb, 0xbe, 0xeb, 0xbb, 0xbb, 0xb7, 0x36, 0x66, 0x7f, 0x86, 0x6d, 0xb6, 0x66, 0x64, 0x00, 0x00,
    0x1f, 0x20, 0x0c, 0x80, 0x00, 0x00, 0x00, 0x00, 0x4f, 0x00, 0x0c, 0x80, 0x00, 0x00, 0x00, 0x00,
    0x9c, 0x00, 0x0c, 0x80, 0x00, 0x22, 0x00, 0x02, 0xf6, 0x00, 0x0c, 0x80, 0x00, 0x8c, 0x00, 0x3e,
    0xc0, 0x00, 0x0b, 0x80, 0x00, 0x9b, 0x29, 0xfc, 0x10, 0x00, 0x09, 0xd6, 0x67, 0xe8, 0x8d, 0x60,
    0x00, 0x00, 0x01, 0x9b, 0xba, 0x80, 0x00, 0x00, 0x00, 0x00, 0x00, 0x00, 0x00, 0x00, 0x00, 0x00,
    0x00, 0x00, 0x00, 0x00, 0x00, 0x00, 0x00, 0x00, 0x2e, 0x50, 0x00, 0x00, 0x00, 0x00, 0x00, 0x00,
    0x06, 0xf3, 0x00, 0x00, 0x00, 0x00, 0x00, 0x00, 0x00, 0x8d, 0x00, 0x00, 0x00, 0x00, 0x00, 0x00,
    0x00, 0x1f, 0x70, 0x00, 0x00, 0x00, 0x00, 0x00, 0x00, 0x5f, 0xe0, 0x00, 0x00, 0x00, 0x00, 0x00,
    0x00, 0xac, 0xd7, 0x00, 0x00, 0x00, 0x00, 0x00, 0x00, 0xf5, 0x6e, 0x00, 0x00, 0x00, 0x00, 0x00,
    0x08, 0xf0, 0x0e, 0x70, 0x00, 0x00, 0x00, 0x00, 0x1f, 0x80, 0x06, 0xf1, 0x00, 0x00, 0x00, 0x00,
    0xae, 0x00, 0x00, 0xdb, 0x00, 0x00, 0x00, 0x07, 0xf5, 0x00, 0x00, 0x3f, 0x70, 0x00, 0x00, 0x5f,
    0x80, 0x00, 0x00, 0x08, 0xf5, 0x00, 0x07, 0xfa, 0x00, 0x00, 0x00, 0x00, 0xbf, 0x80, 0x8f, 0x90,
    0x00, 0x00, 0x00, 0x00, 0x0b, 0xf8, 0x16, 0x00, 0x00, 0x00, 0x00, 0x00, 0x00, 0x60, 0x00, 0x01,
    0x00, 0x00, 0x00, 0x01, 0x00, 0x00, 0x00, 0x0b, 0xb0, 0x00, 0x00, 0x4f, 0x40, 0x00, 0x00, 0x02,
    0xec, 0x10, 0x00, 0xea, 0x00, 0x00, 0x00, 0x11, 0x4c, 0x21, 0x1a, 0xd2, 0x11, 0x00, 0x07, 0xff,
    0xff, 0xff, 0xff, 0xff, 0xff, 0x80, 0x00, 0x11, 0x11, 0x1c, 0x91, 0x11, 0x11, 0x00, 0x00, 0x00,
    0x00, 0x0b, 0x90, 0x00, 0x00, 0x00, 0x00, 0x00, 0x00, 0x0c, 0x90, 0x00, 0x00, 0x00, 0x5f, 0xff,
    0xff, 0xff, 0xff, 0xff, 0xff, 0xf6, 0x14, 0x44, 0x44, 0x5f, 0xf4, 0x44, 0x44, 0x41, 0x00, 0x00,
    0x00, 0x8e, 0xd9, 0x00, 0x00, 0x00, 0x00, 0x00, 0x03, 0xf6, 0x4f, 0x50, 0x00, 0x00, 0x00, 0x00,
    0x3e, 0xb0, 0x08, 0xf6, 0x00, 0x00, 0x00, 0x08, 0xfa, 0x00, 0x00, 0x8f, 0xc3, 0x00, 0x17, 0xef,
    0x60, 0x00, 0x00, 0x04, 0xef, 0xc4, 0x4f, 0x91, 0x00, 0x00, 0x00, 0x00, 0x06, 0xb1, 0x00, 0x00,
    0x00, 0x00, 0x00, 0x00, 0x00, 0x00, 0x00, 0x00, 0x00, 0x00, 0x03, 0x00, 0x00, 0x00, 0x00, 0x00,
    0x0c, 0x70, 0x1f, 0x40, 0x00, 0x00, 0x00, 0x00, 0x6f, 0x10, 0x09, 0xd0, 0x00, 0x00, 0x00, 0x03,
    0xf6, 0x00, 0x01, 0xe9, 0x00, 0x00, 0x00, 0x2e, 0xa0, 0x00, 0x00, 0x4f, 0x70, 0x00, 0x01, 0xdc,
    0x00, 0x00, 0x00, 0x06, 0xf9, 0x00, 0x3e, 0xd1, 0x00, 0x00, 0x00, 0x00, 0x5f, 0xe5, 0x8b, 0x56,
    0x66, 0x66, 0x66, 0x66, 0x42, 0xc5, 0x00, 0x9c, 0xcf, 0xec, 0xcc, 0xce, 0x90, 0x00, 0x00, 0x00,
    0x0d, 0x70, 0x00, 0x0b, 0x80, 0x00, 0x00, 0x00, 0x0f, 0x40, 0x00, 0x0b, 0x80, 0x00, 0x00, 0x00,
    0x5f, 0x10, 0x00, 0x0c, 0x70, 0x00, 0x00, 0x00, 0xca, 0x00, 0x00, 0x0d, 0x60, 0x00, 0x00, 0x0a,
    0xf2, 0x00, 0x00, 0x1f, 0x40, 0x00, 0x04, 0xdf, 0x30, 0x29, 0x88, 0xdd, 0x00, 0x00, 0x2f, 0xb1,
    0x00, 0x0a, 0xab, 0x81, 0x00, 0x00, 0x00, 0x00, 0x00, 0x00, 0x00, 0x00, 0x00, 0x00, 0x00, 0x00,
    0x02, 0x00, 0x00, 0x00, 0x00, 0x20, 0x07, 0x13, 0xf0, 0x00, 0x00, 0x00, 0x5e, 0x02, 0xf1, 0x3f,
    0x00, 0x00, 0x39, 0x05, 0xe0, 0x8f, 0xcd, 0xfc, 0xcc, 0x45, 0xe0, 0x5e, 0x1f, 0x75, 0x7f, 0x55,
    0x51, 0x5e, 0x05, 0xe3, 0xb0, 0x03, 0xf0, 0x00, 0x05, 0xe0, 0x5e, 0x69, 0x99, 0xbf, 0x99, 0x99,
    0x5e, 0x05, 0xe5, 0x88, 0x89, 0xf8, 0x88, 0x85, 0xe0, 0x5e, 0x00, 0x00, 0x3f, 0x00, 0x00, 0x5e,
    0x05, 0xe0, 0x6c, 0xcc, 0xfc, 0xcc, 0x45, 0xe0, 0x5e, 0x08, 0xb5, 0x7f, 0x55, 0xd6, 0x5e, 0x05,
    0xe0, 0x89, 0x03, 0xf0, 0x0c, 0x64, 0xd0, 0x5e, 0x08, 0x90, 0x3f, 0x00, 0xc6, 0x00, 0x05, 0xe0,
    0x89, 0x03, 0xf4, 0x7f, 0x50, 0x00, 0x5e, 0x08, 0x90, 0x3f, 0x5b, 0x80, 0x27, 0x7c, 0xc0, 0x00,
    0x03, 0xf0, 0x00, 0x01, 0xcc, 0xb3, 0x00, 0x00, 0x01, 0x00, 0x00, 0x00, 0x00, 0x00, 0x00, 0x00,
    0x00, 0x00, 0x00, 0x40, 0x00, 0x00, 0x00, 0x00, 0x00, 0x00, 0x03, 0xf0, 0x00, 0x00, 0x0f, 0xff,
    0xff, 0xf4, 0x03, 0xf0, 0x00, 0x00, 0x03, 0x33, 0x33, 0x31, 0x14, 0xf1, 0x11, 0x10, 0x00, 0x00,
    0x00, 0x09, 0xff, 0xff, 0xff, 0xf3, 0x00, 0x00, 0x00, 0x01, 0x25, 0xf2, 0x22, 0xf3, 0x59, 0x99,
    0x99, 0x98, 0x04, 0xf0, 0x01, 0xf2, 0x69, 0xaf, 0xa9, 0x98, 0x06, 0xd0, 0x01, 0xf2, 0x00, 0x5e,
    0x00, 0x00, 0x07, 0xc0, 0x02, 0xf1, 0x00, 0xb8, 0x07, 0x00, 0x0a, 0xa0, 0x02, 0xf1, 0x02, 0xf1,
    0x0e, 0x50, 0x0e, 0x60, 0x03, 0xf0, 0x09, 0xa0, 0x08, 0xc0, 0x3f, 0x20, 0x04, 0xf0, 0x5f, 0x65,
    0x7a, 0xf3, 0xbb, 0x00, 0x04, 0xf0, 0x6f, 0xdb, 0xa8, 0xcb, 0xf3, 0x00, 0x06, 0xe0, 0x00, 0x00,
    0x00, 0x3f, 0x90, 0x4a, 0x9e, 0xa0, 0x00, 0x00, 0x00, 0x5c, 0x00, 0x3a, 0xb9, 0x10, 0x00, 0x00,
    0x00, 0x00, 0x00, 0x00, 0x00, 0x00, 0x00, 0x00, 0x35, 0x00, 0x00, 0x00, 0x00, 0x00, 0x00, 0x01,
    0xe9, 0x33, 0x33, 0x33, 0x10, 0x00, 0x00, 0x0c, 0xee, 0xee, 0xee, 0xef, 0x70, 0x00, 0x00, 0xbd,
    0x10, 0x00, 0x00, 0xac, 0x00, 0x00, 0x2d, 0xe4, 0x33, 0x33, 0x3a, 0xe4, 0x33, 0x31, 0x7a, 0xce,
    0xee, 0xee, 0xee, 0xee, 0xee, 0xe7, 0x00, 0xc6, 0x00, 0x00, 0x00, 0x00, 0x00, 0x00, 0x00, 0xc6,
    0x05, 0x88, 0x88, 0x88, 0x80, 0x00, 0x00, 0xc6, 0x09, 0xc8, 0x88, 0x8a, 0xf0, 0x00, 0x00, 0xd5,
    0x09, 0x90, 0x00, 0x04, 0xe0, 0x00, 0x00, 0xe4, 0x09, 0x90, 0x00, 0x06, 0xc0, 0x00, 0x01, 0xf1,
    0x09, 0x90, 0x2b, 0xbf, 0x70, 0x61, 0x06, 0xd0, 0x09, 0x90, 0x07, 0x75, 0x00, 0xf4, 0x0c, 0x80,
    0x09, 0xa0, 0x00, 0x00, 0x03, 0xf1, 0x5f, 0x20, 0x05, 0xfb, 0xaa, 0xaa, 0xae, 0xa0, 0x68, 0x00,
    0x00, 0x36, 0x77, 0x77, 0x64, 0x00, 0x00, 0x00, 0x00, 0x00, 0x00, 0x00, 0x00, 0x00, 0x00, 0x24,
    0x45, 0x56, 0x78, 0xab, 0xde, 0x80, 0x00, 0xcf, 0xdd, 0xcb, 0xba, 0x98, 0x65, 0x30, 0x00, 0xc6,
    0x00, 0x00, 0x00, 0x00, 0x00, 0x00, 0x00, 0xc6, 0x00, 0x00, 0x00, 0x00, 0x00, 0x00, 0x00, 0xca,
    0x77, 0x77, 0x77, 0x77, 0x77, 0x00, 0x00, 0xcd, 0xcf, 0xbb, 0xbb, 0xbb, 0xdf, 0x10, 0x00, 0xc6,
    0x1f, 0x30, 0x00, 0x00, 0xbc, 0x00, 0x00, 0xd5, 0x0a, 0xb0, 0x00, 0x03, 0xf4, 0x00, 0x00, 0xe4,
    0x02, 0xf4, 0x00, 0x0c, 0xb0, 0x00, 0x00, 0xf3, 0x00, 0x8e, 0x10, 0x9e, 0x10, 0x00, 0x03, 0xf0,
    0x00, 0x0b, 0xd9, 0xf4, 0x00, 0x00, 0x08, 0xc0, 0x00, 0x02, 0xff, 0x90, 0x00, 0x00, 0x0d, 0x70,
    0x00, 0x8f, 0xc8, 0xfd, 0x50, 0x00, 0x7f, 0x14, 0xaf, 0xf7, 0x00, 0x2b, 0xff, 0xb5, 0x86, 0x1e,
    0xd6, 0x10, 0x00, 0x00, 0x28, 0xd3, 0x00, 0x01, 0x00, 0x00, 0x00, 0x00, 0x00, 0x00, 0x00, 0x00,
    0x00, 0x03, 0x10, 0x00, 0x00, 0x00, 0x00, 0x00, 0x00, 0xca, 0x00, 0x00, 0x00, 0x00, 0x88, 0x88,
    0x8a, 0xf8, 0x88, 0x88, 0x60, 0x0f, 0xa9, 0x99, 0x99, 0x99, 0x99, 0xbd, 0x00, 0xf3, 0x00, 0x00,
    0x00, 0x00, 0x06, 0xd0, 0x0f, 0x30, 0x00, 0x00, 0x00, 0x00, 0x6d, 0x00, 0xff, 0xff, 0xff, 0xff,
    0xff, 0xff, 0xd0, 0x0f, 0x42, 0x22, 0x22, 0x22, 0x22, 0x59, 0x01, 0xf2, 0x00, 0x00, 0x00, 0x00,
    0x00, 0x00, 0x2f, 0x15, 0x99, 0x99, 0x99, 0x99, 0x96, 0x04, 0xf0, 0xac, 0x88, 0x88, 0x88, 0x8c,
    0xa0, 0x6d, 0x0a, 0x90, 0x00, 0x00, 0x00, 0x8a, 0x0a, 0xa0, 0xa9, 0x00, 0x00, 0x00, 0x08, 0xa0,
    0xf5, 0x0a, 0x90, 0x00, 0x00, 0x00, 0x8a, 0x7f, 0x00, 0xaf, 0xff, 0xff, 0xff, 0xff, 0xa9, 0x70,
    0x0a, 0x91, 0x11, 0x11, 0x11, 0x9a, 0x00, 0x00, 0x11, 0x00, 0x00, 0x00, 0x01, 0x10, 0x00, 0x03,
    0x69, 0xa0, 0x00, 0x00, 0x00, 0x00, 0x5e, 0xff, 0xd9, 0x60, 0x56, 0x66, 0x66, 0x60, 0x13, 0x1b,
    0x70, 0x00, 0xdd, 0xcc, 0xcc, 0xf1, 0x00, 0x0b, 0x70, 0x00, 0xd6, 0x00, 0x03, 0xf1, 0x69, 0x9e,
    0xc9, 0x93, 0xd6, 0x00, 0x03, 0xf1, 0x58, 0x8f, 0xb8, 0x83, 0xd6, 0x00, 0x03, 0xf1, 0x00, 0x6f,
    0x70, 0x00, 0xd6, 0x00, 0x03, 0xf1, 0x00, 0xdf, 0xd9, 0x00, 0xd6, 0x00, 0x03, 0xf1, 0x06, 0xdb,
    0x9d, 0xa0, 0xd6, 0x00, 0x03, 0xf1, 0x1e, 0x6b, 0x72, 0xd2, 0xd6, 0x00, 0x03, 0xf1, 0x9c, 0x0b,
    0x70, 0x00, 0xd6, 0x00, 0x03, 0xf1, 0x72, 0x0b, 0x70, 0x00, 0xd6, 0x00, 0x03, 0xf1, 0x00, 0x0b,
    0x70, 0x00, 0xdf, 0xff, 0xff, 0xf1, 0x00, 0x0b, 0x70, 0x00, 0xd7, 0x22, 0x25, 0xf1, 0x00, 0x0b,
    0x70, 0x00, 0x94, 0x00, 0x02, 0xa0, 0x00, 0x02, 0x10, 0x00, 0x00, 0x00, 0x00, 0x00, 0x46, 0x66,
    0x66, 0x66, 0x66, 0x66, 0x65, 0xde, 0xcc, 0xcc, 0xcc, 0xcc, 0xcc, 0xed, 0xd8, 0x00, 0x00, 0x00,
    0x00, 0x00, 0x7d, 0xd8, 0x00, 0x00, 0x00, 0x00, 0x00, 0x7d, 0xd8, 0x04, 0xdd, 0xdd, 0xdd, 0x40,
    0x7d, 0xd8, 0x05, 0xe4, 0x44, 0x4e, 0x50, 0x7d, 0xd8, 0x05, 0xe0, 0x00, 0x0e, 0x50, 0x7d, 0xd8,
    0x05, 0xe0, 0x00, 0x0e, 0x50, 0x7d, 0xd8, 0x05, 0xe0, 0x00, 0x0e, 0x50, 0x7d, 0xd8, 0x05, 0xff,
    0xff, 0xff, 0x50, 0x7d, 0xd8, 0x05, 0xe2, 0x22, 0x2e, 0x50, 0x7d, 0xd8, 0x00, 0x00, 0x00, 0x00,
    0x00, 0x7d, 0xd9, 0x33, 0x33, 0x33, 0x33, 0x33, 0x9d, 0xdf, 0xff, 0xff, 0xff, 0xff, 0xff, 0xfd,
    0xc7, 0x00, 0x00, 0x00, 0x00, 0x00, 0x7c, 0x68, 0x88, 0x88, 0x88, 0x88, 0x88, 0x86, 0xdc, 0xaa,
    0xaa, 0xaa, 0xaa, 0xaa, 0xcd, 0xd5, 0x00, 0x00, 0x88, 0x00, 0x00, 0x5d, 0xd5, 0x11, 0x11, 0xa9,
    0x11, 0x11, 0x5d, 0xd5, 0xaf, 0xff, 0xff, 0xff, 0xfa, 0x5d, 0xd5, 0x00, 0x00, 0x99, 0x00, 0x00,
    0x5d, 0xd5, 0x00, 0x22, 0xaa, 0x22, 0x00, 0x5d, 0xd5, 0x05, 0xfe, 0xee, 0xef, 0x50, 0x5d, 0xd5,
    0x05, 0xc0, 0x00, 0x0c, 0x50, 0x5d, 0xd5, 0x05, 0xc0, 0x00, 0x0c, 0x50, 0x5d, 0xd5, 0x05, 0xfc,
    0xcc, 0xcf, 0x50, 0x5d, 0xd5, 0x04, 0xc4, 0x44, 0x4c, 0x40, 0x5d, 0xd5, 0x00, 0x00, 0x00, 0x00,
    0x00, 0x5d, 0xde, 0xdd, 0xdd, 0xdd, 0xdd, 0xdd, 0xed, 0xd8, 0x44, 0x44, 0x44, 0x44, 0x44, 0x8d,
    0x10, 0x00, 0x00, 0x00, 0x00, 0x00, 0x01, 0xab, 0xbb, 0xbb, 0xbb, 0xbb, 0xbb, 0xb9, 0xe8, 0x69,
    0x66, 0x8a, 0x66, 0xa6, 0x8d, 0xe3, 0x0d, 0xa0, 0x97, 0x09, 0xc0, 0x4d, 0xe3, 0x69, 0xc8, 0xea,
    0x8e, 0x85, 0x4d, 0xe3, 0x57, 0x7a, 0xe7, 0x77, 0x75, 0x4d, 0xe6, 0x88, 0x8d, 0xc8, 0x88, 0x88,
    0x7d, 0xe5, 0x67, 0xeb, 0x66, 0xad, 0x66, 0x6d, 0xe3, 0x2c, 0xf7, 0x66, 0x6e, 0xb2, 0x4d, 0xea,
    0xfb, 0xe8, 0x88, 0xd5, 0x9f, 0x9d, 0xe5, 0x24, 0xc0, 0x44, 0xe2, 0x22, 0x4d, 0xe3, 0x03, 0xc0,
    0x9b, 0x70, 0xc4, 0x4d, 0xe3, 0x02, 0xf5, 0x44, 0x48, 0xe0, 0x4d, 0xe3, 0x00, 0x59, 0xaa, 0xa9,
    0x20, 0x4d, 0xec, 0xbb, 0xbb, 0xbb, 0xbb, 0xbb, 0xcd, 0xe7, 0x55, 0x55, 0x55, 0x55, 0x55, 0x8d,
    0x10, 0x00, 0x00, 0x00, 0x00, 0x00, 0x01, 0x00, 0x11, 0x00, 0x00, 0x00, 0x40, 0x00, 0x00, 0x00,
    0xa8, 0x00, 0x00, 0x01, 0xf2, 0x00, 0x00, 0x00, 0xa8, 0x00, 0x43, 0x01, 0xf2, 0x00, 0x00, 0x00,
    0xa8, 0x00, 0xa9, 0x01, 0xf2, 0x00, 0x30, 0x00, 0xa8, 0x00, 0xa9, 0x01, 0xf7, 0xae, 0xe0, 0x8d,
    0xfe, 0xd4, 0xaa, 0x6b, 0xfd, 0x88, 0xe0, 0x24, 0xba, 0x49, 0xef, 0xc8, 0xf2, 0x05, 0xd0, 0x00,
    0xa8, 0x09, 0xd9, 0x01, 0xf2, 0x06, 0xd0, 0x00, 0xa8, 0x00, 0xa9, 0x01, 0xf2, 0x07, 0xc0, 0x00,
    0xa8, 0x00, 0xa9, 0x01, 0xf6, 0x7d, 0x90, 0x00, 0xa8, 0x00, 0xa9, 0x01, 0xf7, 0xca, 0x20, 0x00,
    0xa8, 0x34, 0xa9, 0x01, 0xf2, 0x00, 0x6c, 0x03, 0xcf, 0xf6, 0xa9, 0x00, 0xb1, 0x00, 0x9b, 0xbf,
    0xb5, 0x00, 0x9a, 0x00, 0x00, 0x00, 0xc8, 0x31, 0x00, 0x00, 0x5f, 0xba, 0xaa, 0xac, 0xf3, 0x00,
    0x00, 0x00, 0x04, 0x88, 0x88, 0x87, 0x20, 0x00, 0x13, 0x00, 0x00, 0x00, 0x23, 0x00, 0x00, 0x00,
    0x6d, 0x00, 0x00, 0x00, 0x9b, 0x00, 0x00, 0x00, 0x6d, 0x00, 0x00, 0x00, 0x9b, 0x00, 0x00, 0x00,
    0x6d, 0x00, 0x01, 0x00, 0x9b, 0x00, 0x00, 0x12, 0x7d, 0x22, 0x1f, 0x20, 0x9b, 0x00, 0x00, 0xaf,
    0xff, 0xff, 0x1f, 0x20, 0x9d, 0x66, 0x62, 0x00, 0x6d, 0x00, 0x1f, 0x20, 0x9e, 0xcc, 0xc3, 0x00,
    0x6d, 0x00, 0x1f, 0x20, 0x9b, 0x00, 0x00, 0x00, 0x6d, 0x00, 0x1f, 0x20, 0x9b, 0x00, 0x00, 0x00,
    0x6d, 0x00, 0x1f, 0x20, 0x9b, 0x00, 0x00, 0x00, 0x6d, 0x03, 0x2f, 0x20, 0x9b, 0x00, 0x00, 0x00,
    0x7f, 0xdf, 0x4f, 0x20, 0x9b, 0x00, 0x00, 0x6d, 0xfc, 0x61, 0x1f, 0x20, 0x9b, 0x00, 0x00, 0x67,
    0x20, 0x01, 0x2f, 0x31, 0x9b, 0x11, 0x11, 0x00, 0x00, 0x7f, 0xff, 0xff, 0xff, 0xff, 0xfc, 0x00,
    0x00, 0x01, 0x11, 0x11, 0x11, 0x11, 0x11, 0x00, 0x20, 0x00, 0x00, 0x01, 0x10, 0x00, 0x00, 0x00,
    0xc5, 0x00, 0x00, 0x09, 0xa0, 0x00, 0x00, 0x00, 0xc5, 0x04, 0xcc, 0xcd, 0xfc, 0xcc, 0xb0, 0x00,
    0xc5, 0x00, 0x28, 0x62, 0x23, 0xb3, 0x20, 0x24, 0xd8, 0x40, 0x06, 0xe0, 0x08, 0xc0, 0x00, 0x7d,
    0xfe, 0xc9, 0xdd, 0xfd, 0xdf, 0xed, 0xd6, 0x00, 0xc5, 0x01, 0x22, 0x22, 0x22, 0x22, 0x21, 0x00,
    0xc5, 0x02, 0xdd, 0xdd, 0xdd, 0xdd, 0x50, 0x00, 0xc5, 0x02, 0xe1, 0x11, 0x11, 0x1b, 0x60, 0x00,
    0xc5, 0x02, 0xfc, 0xcc, 0xcc, 0xce, 0x60, 0x00, 0xc5, 0x02, 0xe1, 0x11, 0x11, 0x1b, 0x60, 0x00,
    0xdb, 0xc6, 0xfc, 0xcc, 0xcc, 0xce, 0x60, 0x8f, 0xfb, 0x62, 0x73, 0xf4, 0x6d, 0x26, 0x52, 0x44,
    0x00, 0x00, 0x08, 0xd0, 0x4d, 0x00, 0x7b, 0x00, 0x00, 0x15, 0xbe, 0x20, 0x3f, 0x54, 0xc8, 0x00,
    0x00, 0xde, 0x81, 0x00, 0x08, 0xcc, 0xa1, 0x00, 0x00, 0x00, 0x00, 0x00, 0x00, 0x00, 0x00, 0x00,
    0x00, 0x32, 0x00, 0x00, 0x00, 0x00, 0x00, 0x00, 0x01, 0xe8, 0x00, 0x00, 0x00, 0x00, 0x00, 0x00,
    0x0b, 0xfe, 0xee, 0xee, 0xee, 0xe8, 0x00, 0x00, 0x9e, 0xf7, 0x22, 0x22, 0x2a, 0xf4, 0x00, 0x09,
    0xe2, 0x5f, 0x60, 0x02, 0xbe, 0x40, 0x00, 0x5e, 0x20, 0x04, 0xec, 0x9f, 0xb1, 0x00, 0x00, 0x00,
    0x00, 0x16, 0xcf, 0xff, 0x95, 0x10, 0x00, 0x36, 0x9c, 0xfd, 0x82, 0x06, 0xbf, 0xff, 0xe7, 0x9d,
    0xca, 0x64, 0x44, 0x44, 0x44, 0x67, 0x71, 0x00, 0x9d, 0xbb, 0xbd, 0xdb, 0xbb, 0xd9, 0x00, 0x00,
    0x99, 0x00, 0x09, 0x90, 0x00, 0x99, 0x00, 0x00, 0x9b, 0x66, 0x6b, 0xb6, 0x66, 0xb9, 0x00, 0x00,
    0x9c, 0x88, 0x8c, 0xc8, 0x88, 0xc9, 0x00, 0x00, 0x99, 0x00, 0x09, 0x90, 0x00, 0x99, 0x00, 0x00,
    0x9d, 0x99, 0x9d, 0xd9, 0x99, 0xd9, 0x00, 0x00, 0x9b, 0x55, 0x55, 0x55, 0x55, 0xb9, 0x00, 0x00,
    0x00, 0x00, 0x00, 0x00, 0x00, 0x00, 0x00, 0x00, 0x00, 0x00, 0x14, 0x10, 0x00, 0x00, 0x00, 0x00,
    0x00, 0x01, 0xda, 0x00, 0x00, 0x00, 0x00, 0x00, 0x00, 0x3e, 0xfb, 0xbb, 0xbb, 0xbb, 0x20, 0x00,
    0x07, 0xf9, 0x66, 0x66, 0x67, 0xfd, 0x10, 0x04, 0xde, 0x42, 0x00, 0x00, 0x5e, 0xa0, 0x00, 0x0b,
    0x91, 0x0d, 0x80, 0x4c, 0xe5, 0x00, 0x00, 0x00, 0x00, 0x02, 0xfd, 0xf7, 0x00, 0x00, 0x00, 0x00,
    0x02, 0x8e, 0xe8, 0x7e, 0x40, 0x00, 0x00, 0x29, 0xdf, 0xc5, 0x19, 0xfd, 0xbb, 0xbb, 0xb0, 0x1b,
    0x61, 0x04, 0xeb, 0x66, 0x66, 0x7f, 0xd0, 0x00, 0x03, 0xbf, 0x60, 0x00, 0x01, 0xcd, 0x10, 0x03,
    0xbf, 0x91, 0x3a, 0x00, 0x5e, 0xc1, 0x00, 0x01, 0x92, 0x00, 0x0c, 0xbb, 0xf7, 0x00, 0x00, 0x00,
    0x00, 0x00, 0x5c, 0xfb, 0x20, 0x00, 0x00, 0x00, 0x47, 0xaf, 0xfa, 0x30, 0x00, 0x00, 0x00, 0x0c,
    0xfd, 0x95, 0x00, 0x00, 0x00, 0x00, 0x00, 0x01, 0x10, 0x00, 0x00, 0x00, 0x00, 0x00, 0x00, 0x03,
    0x44, 0x44, 0x44, 0x44, 0x44, 0x44, 0x30, 0x0a, 0xee, 0xee, 0xef, 0xfe, 0xee, 0xee, 0xb0, 0x00,
    0x00, 0x00, 0x0b, 0xa0, 0x00, 0x00, 0x00, 0x00, 0x00, 0x00, 0x0b, 0x90, 0x00, 0x00, 0x00, 0x00,
    0x00, 0x00, 0x0c, 0x90, 0x00, 0x00, 0x00, 0x24, 0x44, 0x44, 0x4d, 0xb4, 0x44, 0x44, 0x42, 0x8f,
    0xff, 0xff, 0xff, 0xff, 0xff, 0xff, 0xf8, 0x00, 0x00, 0x00, 0x2f, 0xf1, 0x00, 0x00, 0x00, 0x00,
    0x00, 0x00, 0x8d, 0xc7, 0x00, 0x00, 0x00, 0x00, 0x00, 0x01, 0xf7, 0x5e, 0x10, 0x00, 0x00, 0x00,
    0x00, 0x0c, 0xd0, 0x0c, 0xc0, 0x00, 0x00, 0x00, 0x01, 0xcf, 0x30, 0x01, 0xec, 0x10, 0x00, 0x00,
    0x4e, 0xf3, 0x00, 0x00, 0x2e, 0xe6, 0x00, 0x3b, 0xfc, 0x20, 0x00, 0x00, 0x01, 0xbf, 0xe6, 0x4e,
    0x60, 0x00, 0x00, 0x00, 0x00, 0x04, 0xb1, 0x00, 0x00, 0x00, 0x00, 0x00, 0x00, 0x00, 0x00, 0x00,
    0x12, 0x00, 0x00, 0x00, 0x00, 0x00, 0x00, 0x00, 0x8c, 0x00, 0x03, 0x33, 0x33, 0x33, 0x30, 0x00,
    0xa9, 0x00, 0x2e, 0xee, 0xee, 0xef, 0xf2, 0x00, 0xc6, 0x00, 0x00, 0x00, 0x00, 0x5f, 0x80, 0xbf,
    0xff, 0xff, 0x40, 0x00, 0x07, 0xf6, 0x00, 0x14, 0xf3, 0x2f, 0x30, 0x00, 0x6f, 0x40, 0x00, 0x05,
    0xd0, 0x0f, 0x20, 0x00, 0x6d, 0x00, 0x00, 0x08, 0xa0, 0x3f, 0x34, 0x44, 0x9d, 0x44, 0x43, 0x0c,
    0x60, 0x6c, 0x9d, 0xdd, 0xef, 0xdd, 0xda, 0x0f, 0x60, 0xa8, 0x00, 0x00, 0x6d, 0x00, 0x00, 0x04,
    0xf8, 0xf3, 0x00, 0x00, 0x6d, 0x00, 0x00, 0x00, 0x3e, 0xe0, 0x00, 0x00, 0x6d, 0x00, 0x00, 0x00,
    0x4f, 0xdd, 0x20, 0x00, 0x6d, 0x00, 0x00, 0x03, 0xf6, 0x1c, 0x70, 0x00, 0x7c, 0x00, 0x00, 0x4f,
    0x80, 0x00, 0x03, 0x76, 0xdb, 0x00, 0x00, 0x36, 0x00, 0x00, 0x03, 0xcc, 0xa2, 0x00, 0x00, 0x00,
    0x00, 0x00, 0x03, 0x00, 0x00, 0x00, 0x00, 0x00, 0x00, 0x00, 0x0e, 0xa0, 0x00, 0x00, 0x00, 0x05,
    0x55, 0x55, 0x59, 0xe5, 0x55, 0x55, 0x50, 0x2f, 0xdd, 0xdd, 0xdd, 0xdd, 0xdd, 0xdd, 0xf2, 0x2f,
    0x10, 0x00, 0x00, 0x00, 0x00, 0x01, 0xf2, 0x05, 0x7c, 0xcc, 0xcc, 0xcc, 0xcc, 0xc7, 0x50, 0x00,
    0x35, 0x57, 0xfb, 0x55, 0x55, 0x53, 0x00, 0x00, 0x00, 0x5e, 0xf6, 0x00, 0x00, 0x8b, 0x00, 0x02,
    0x7d, 0xd4, 0x8f, 0x50, 0x6e, 0xc3, 0x00, 0x5f, 0xb5, 0x08, 0xf9, 0xed, 0xf9, 0x00, 0x00, 0x01,
    0x04, 0xdd, 0x26, 0xf9, 0x6e, 0x00, 0x00, 0x17, 0xde, 0x70, 0x8f, 0xca, 0x0c, 0xb0, 0x00, 0x2c,
    0x60, 0x2c, 0xd3, 0x7c, 0x02, 0xeb, 0x10, 0x00, 0x2a, 0xf9, 0x00, 0x8b, 0x00, 0x3e, 0xf6, 0x3d,
    0xfa, 0x35, 0x45, 0xe8, 0x00, 0x01, 0xa3, 0x16, 0x10, 0x0e, 0xee, 0xa1, 0x00, 0x00, 0x00, 0x00,
    0x00, 0x00, 0x01, 0x10, 0x00, 0x00, 0x00, 0x00, 0x00, 0x00, 0x08, 0xe0, 0x00, 0x00, 0x00, 0x00,
    0x00, 0x00, 0x08, 0xe0, 0x00, 0x00, 0x00, 0x00, 0x00, 0x00, 0x08, 0xe0, 0x00, 0x00, 0x00, 0x00,
    0x03, 0x70, 0x08, 0xe0, 0x07, 0x10, 0x00, 0x00, 0x0a, 0xc0, 0x08, 0xe0, 0x0e, 0x80, 0x00, 0x00,
    0x1f, 0x60, 0x08, 0xe0, 0x06, 0xf1, 0x00, 0x00, 0x7f, 0x00, 0x08, 0xe0, 0x00, 0xe9, 0x00, 0x00,
    0xe9, 0x00, 0x08, 0xe0, 0x00, 0x7f, 0x20, 0x05, 0xf2, 0x00, 0x08, 0xe0, 0x00, 0x0f, 0x90, 0x0d,
    0xa0, 0x00, 0x08, 0xe0, 0x00, 0x08, 0xf1, 0x6f, 0x30, 0x00, 0x08, 0xe0, 0x00, 0x01, 0xf9, 0x38,
    0x00, 0x00, 0x08, 0xe0, 0x00, 0x00, 0x51, 0x00, 0x00, 0x00, 0x08, 0xe0, 0x00, 0x00, 0x00, 0x00,
    0x00, 0x88, 0x8e, 0xc0, 0x00, 0x00, 0x00, 0x00, 0x00, 0x9d, 0xdb, 0x30, 0x00, 0x00, 0x00, 0x00,
    0x01, 0x20, 0x00, 0x01, 0x30, 0x00, 0x00, 0x00, 0x07, 0xd0, 0x00, 0x05, 0xc0, 0x40, 0x00, 0x13,
    0x33, 0xd5, 0x33, 0x15, 0xc1, 0xea, 0x00, 0x7d, 0xdd, 0xdd, 0xdd, 0x65, 0xc0, 0x1c, 0x80, 0x00,
    0x00, 0x00, 0x00, 0x05, 0xc0, 0x00, 0x00, 0x07, 0xcc, 0xcc, 0xc6, 0xde, 0xfd, 0xdd, 0xd4, 0x0a,
    0x94, 0x44, 0xa9, 0x49, 0xcb, 0xa4, 0x41, 0x0a, 0x70, 0x00, 0x89, 0x08, 0x99, 0x80, 0x00, 0x0a,
    0xb7, 0x77, 0xb9, 0x09, 0x89, 0x80, 0x00, 0x09, 0xc9, 0xf9, 0xc8, 0x0d, 0x59, 0x80, 0x00, 0x00,
    0x41, 0xf2, 0x60, 0x1f, 0x19, 0x80, 0x00, 0x06, 0xc1, 0xf2, 0xf4, 0x6d, 0x09, 0x80, 0x46, 0x0e,
    0x51, 0xf0, 0x79, 0xd7, 0x09, 0x80, 0x7b, 0x7c, 0x01, 0xf0, 0x06, 0xe0, 0x09, 0x80, 0x99, 0x03,
    0x57, 0xf0, 0x2f, 0x60, 0x08, 0xd8, 0xe5, 0x00, 0xcc, 0x60, 0x7a, 0x00, 0x01, 0x9a, 0x70, 0x00,
    0x00, 0x00, 0x00, 0x00, 0x00, 0x00, 0x00, 0x00, 0xaa, 0xaa, 0xaa, 0xaa, 0xaa, 0xaa, 0x20, 0x01,
    0xf8, 0x77, 0x77, 0x77, 0x77, 0x7f, 0x40, 0x01, 0xf2, 0x00, 0x00, 0x00, 0x00, 0x0f, 0x40, 0x01,
    0xf9, 0x88, 0x88, 0x88, 0x88, 0x8f, 0x40, 0x01, 0xfa, 0x99, 0x99, 0xaa, 0x99, 0x9f, 0x40, 0x01,
    0xf2, 0x00, 0x00, 0x8a, 0x00, 0x05, 0x10, 0x01, 0xf9, 0x88, 0x88, 0xcd, 0x88, 0x88, 0x83, 0x01,
    0xf9, 0x99, 0x99, 0xcd, 0x99, 0x99, 0x93, 0x02, 0xf1, 0x00, 0x00, 0x8a, 0x00, 0x00, 0x00, 0x03,
    0xf0, 0x7a, 0xaa, 0xdd, 0xaa, 0xa9, 0x00, 0x06, 0xe0, 0xca, 0x77, 0x77, 0x77, 0x9f, 0x00, 0x0a,
    0xa0, 0xc7, 0x00, 0x00, 0x00, 0x4f, 0x00, 0x1f, 0x50, 0xc7, 0x00, 0x00, 0x00, 0x4f, 0x00, 0x8e,
    0x00, 0xcd, 0xcc, 0xcc, 0xcc, 0xdf, 0x00, 0x56, 0x00, 0xc9, 0x44, 0x44, 0x44, 0x7f, 0x00, 0x00,
    0x00, 0x10, 0x00, 0x00, 0x00, 0x01, 0x00, 0x00, 0x66, 0x66, 0x66, 0x66, 0x66, 0x66, 0x60, 0x00,
    0xfb, 0xaa, 0xaa, 0xaa, 0xaa, 0xab, 0xe0, 0x00, 0xf2, 0x00, 0x00, 0x00, 0x00, 0x04, 0xe0, 0x00,
    0xfc, 0xcc, 0xcc, 0xcc, 0xcc, 0xcd, 0xe0, 0x00, 0xf6, 0x55, 0xd6, 0x55, 0x5c, 0x86, 0xb0, 0x00,
    0xf2, 0x00, 0xad, 0x00, 0x2f, 0x40, 0x00, 0x00, 0xf3, 0x66, 0x7d, 0x66, 0xcd, 0x66, 0x50, 0x00,
    0xf4, 0xaa, 0xdd, 0xaa, 0xaf, 0xba, 0x80, 0x01, 0xf1, 0x00, 0x99, 0x00, 0x0f, 0x30, 0x00, 0x02,
    0xf3, 0x33, 0xba, 0x33, 0x3f, 0x53, 0x32, 0x05, 0xfd, 0xdd, 0xfe, 0xdd, 0xdf, 0xed, 0xda, 0x09,
    0xb0, 0x00, 0xf4, 0x00, 0x0f, 0x30, 0x00, 0x0e, 0x60, 0x07, 0xe0, 0x00, 0x0f, 0x30, 0x00, 0x8e,
    0x00, 0x5f, 0x50, 0x00, 0x0f, 0x30, 0x00, 0x95, 0x00, 0xc7, 0x00, 0x00, 0x0f, 0x30, 0x00, 0x00,
    0x00, 0x00, 0x00, 0x00, 0x01, 0x00, 0x00, 0x00, 0x00, 0x40, 0x00, 0x00, 0x04, 0x00, 0x00, 0x00,
    0x00, 0xd9, 0x00, 0x00, 0x5f, 0x40, 0x00, 0x02, 0x22, 0x5f, 0x52, 0x22, 0xd8, 0x22, 0x20, 0x0b,
    0xee, 0xee, 0xef, 0xee, 0xee, 0xee, 0xe1, 0x00, 0x00, 0x00, 0x5f, 0x10, 0x00, 0x00, 0x00, 0x04,
    0xaa, 0xaa, 0xdf, 0xaa, 0xaa, 0xaa, 0x50, 0x02, 0x66, 0x67, 0xf9, 0x66, 0x66, 0x66, 0x30, 0x00,
    0x00, 0x07, 0xe0, 0x00, 0x00, 0x00, 0x00, 0x8f, 0xff, 0xff, 0xff, 0xff, 0xff, 0xff, 0xfb, 0x00,
    0x00, 0xbd, 0x00, 0x00, 0x00, 0x00, 0x00, 0x00, 0x08, 0xf7, 0x44, 0x44, 0x44, 0x44, 0x00, 0x00,
    0x8f, 0xac, 0xcc, 0xdf, 0xcc, 0xcc, 0x00, 0x0a, 0xf5, 0x00, 0x00, 0x7d, 0x00, 0x00, 0x00, 0xbe,
    0x30, 0x00, 0x00, 0x7d, 0x00, 0x00, 0x00, 0x21, 0x29, 0x99, 0x99, 0xce, 0x99, 0x99, 0x94, 0x00,
    0x28, 0x88, 0x88, 0x88, 0x88, 0x88, 0x84, 0x24, 0x44, 0x44, 0x44, 0x44, 0x44, 0x30, 0x0a, 0xee,
    0xee, 0xee, 0xee, 0xee, 0xfd, 0x00, 0x00, 0x00, 0x00, 0x00, 0x00, 0x07, 0xd0, 0x00, 0x30, 0x00,
    0x00, 0x00, 0x00, 0x7d, 0x00, 0x2f, 0x30, 0x00, 0x00, 0x00, 0x07, 0xd0, 0x02, 0xf4, 0x11, 0x11,
    0x11, 0x11, 0x8d, 0x00, 0x2f, 0xff, 0xff, 0xff, 0xff, 0xff, 0xd0, 0x02, 0xf4, 0x11, 0x11, 0x11,
    0x11, 0x8d, 0x00, 0x2f, 0x30, 0x00, 0x00, 0x00, 0x00, 0x00, 0x02, 0xf3, 0x00, 0x00, 0x00, 0x00,
    0x00, 0x30, 0x2f, 0x30, 0x00, 0x00, 0x00, 0x00, 0x0d, 0x92, 0xf3, 0x00, 0x00, 0x00, 0x00, 0x00,
    0xf6, 0x1f, 0x70, 0x00, 0x00, 0x00, 0x00, 0x6f, 0x20, 0xbf, 0xfe, 0xee, 0xee, 0xee, 0xff, 0xa0,
    0x00, 0x46, 0x66, 0x66, 0x66, 0x66, 0x30, 0x00, 0x00, 0x01, 0x20, 0x02, 0x20, 0x02, 0x10, 0x00,
    0x00, 0x07, 0xb0, 0x09, 0x90, 0x0b, 0x70, 0x00, 0x35, 0x5a, 0xc5, 0x5b, 0xb5, 0x5d, 0xa5, 0x53,
    0x8c, 0xcd, 0xec, 0xce, 0xec, 0xce, 0xdc, 0xc7, 0x00, 0x07, 0xb0, 0x09, 0x90, 0x0b, 0x70, 0x00,
    0x00, 0x03, 0x50, 0x04, 0x40, 0x05, 0x30, 0x00, 0x2e, 0xee, 0xee, 0xee, 0xee, 0xee, 0xee, 0xe2,
    0x2f, 0x33, 0x33, 0x36, 0x63, 0x33, 0x33, 0xf2, 0x2f, 0x00, 0x00, 0x09, 0xa0, 0x00, 0x00, 0xf2,
    0x00, 0x6e, 0xee, 0xef, 0xfe, 0xee, 0xe7, 0x00, 0x00, 0x7c, 0x33, 0x3a, 0xb3, 0x33, 0xc8, 0x00,
    0x00, 0x7c, 0x00, 0x09, 0xa0, 0x00, 0xb8, 0x00, 0x00, 0x7c, 0x00, 0x09, 0xa0, 0x00, 0xb8, 0x00,
    0x00, 0x7c, 0x00, 0x09, 0xa2, 0x88, 0xf7, 0x00, 0x00, 0x59, 0x00, 0x09, 0xa1, 0x99, 0x70, 0x00,
    0x00, 0x00, 0x00, 0x09, 0xa0, 0x00, 0x00, 0x00, 0x00, 0x00, 0x00, 0x01, 0x10, 0x00, 0x00, 0x00,
    0x00, 0x00, 0x00, 0x00, 0x40, 0x00, 0x00, 0x00, 0x00, 0x00, 0x00, 0x03, 0xf4, 0x00, 0x00, 0x00,
    0x01, 0x99, 0x99, 0x99, 0xed, 0x99, 0x99, 0x95, 0x02, 0xf8, 0x88, 0xa8, 0x88, 0x89, 0x98, 0x84,
    0x02, 0xf1, 0x04, 0xe0, 0x00, 0x0a, 0x80, 0x00, 0x02, 0xf9, 0xde, 0xfd, 0xdd, 0xdf, 0xed, 0xd5,
    0x02, 0xf2, 0x26, 0xe2, 0x22, 0x2b, 0x92, 0x21, 0x02, 0xf1, 0x04, 0xf6, 0x66, 0x6c, 0x80, 0x00,
    0x02, 0xf0, 0x04, 0xfa, 0xaa, 0xad, 0x80, 0x00, 0x03, 0xf0, 0x12, 0x41, 0x11, 0x13, 0x20, 0x00,
    0x04, 0xe1, 0xff, 0xff, 0xff, 0xff, 0xfa, 0x00, 0x07, 0xc0, 0x05, 0xe2, 0x00, 0x09, 0xe2, 0x00,
    0x0a, 0x90, 0x00, 0x6e, 0x63, 0xcc, 0x20, 0x00, 0x0f, 0x50, 0x00, 0x08, 0xff, 0xc1, 0x00, 0x00,
    0x8e, 0x02, 0x69, 0xee, 0x87, 0xdf, 0xc8, 0x62, 0x96, 0x4f, 0xd9, 0x40, 0x00, 0x03, 0x7b, 0xe4,
    0x00, 0x01, 0x00, 0x00, 0x00, 0x00, 0x00, 0x00, 0x02, 0x22, 0x22, 0x22, 0x22, 0x22, 0x22, 0x20,
    0x0f, 0xff, 0xff, 0xff, 0xff, 0xff, 0xff, 0xf0, 0x01, 0x11, 0xab, 0x11, 0x11, 0x7d, 0x11, 0x10,
    0x00, 0x00, 0x9a, 0x00, 0x00, 0x7d, 0x00, 0x00, 0x00, 0x00, 0x9a, 0x00, 0x00, 0x7d, 0x00, 0x00,
    0x00, 0x00, 0x9a, 0x00, 0x00, 0x7d, 0x00, 0x00, 0x46, 0x66, 0xcc, 0x66, 0x66, 0xae, 0x66, 0x64,
    0x9d, 0xdd, 0xff, 0xdd, 0xdd, 0xef, 0xdd, 0xd9, 0x00, 0x00, 0xaa, 0x00, 0x00, 0x7d, 0x00, 0x00,
    0x00, 0x00, 0xb8, 0x00, 0x00, 0x7d, 0x00, 0x00, 0x00, 0x00, 0xe6, 0x00, 0x00, 0x7d, 0x00, 0x00,
    0x00, 0x06, 0xf1, 0x00, 0x00, 0x7d, 0x00, 0x00, 0x00, 0x4f, 0x90, 0x00, 0x00, 0x7d, 0x00, 0x00,
    0x08, 0xfa, 0x00, 0x00, 0x00, 0x7d, 0x00, 0x00, 0x3f, 0x70, 0x00, 0x00, 0x00, 0x7d, 0x00, 0x00,
    0x00, 0x00, 0x00, 0x00, 0x00, 0x00, 0x00, 0x00, 0x00, 0x00, 0x00, 0x00, 0x16, 0x00, 0x00, 0x00,
    0x00, 0x00, 0x00, 0x00, 0x2f, 0x26, 0xd2, 0x00, 0x00, 0x00, 0x00, 0x00, 0x1f, 0x20, 0x9f, 0x20,
    0x35, 0x55, 0x55, 0x55, 0x5f, 0x75, 0x59, 0x52, 0xad, 0xdd, 0xdd, 0xdd, 0xdf, 0xed, 0xdd, 0xd7,
    0x00, 0x00, 0x00, 0x00, 0x0f, 0x40, 0x00, 0x00, 0x00, 0x00, 0x00, 0x00, 0x0e, 0x50, 0x00, 0x00,
    0x06, 0x66, 0x66, 0x66, 0x1d, 0x70, 0x00, 0x00, 0x1c, 0xcc, 0xfc, 0xcc, 0x2b, 0x80, 0x00, 0x00,
    0x00, 0x01, 0xf3, 0x00, 0x08, 0xb0, 0x00, 0x00, 0x00, 0x01, 0xf3, 0x00, 0x05, 0xe0, 0x00, 0x00,
    0x00, 0x01, 0xf3, 0x00, 0x02, 0xf2, 0x00, 0x20, 0x00, 0x01, 0xf4, 0x36, 0x70, 0xd8, 0x00, 0xaa,
    0x48, 0xad, 0xff, 0xfe, 0xa0, 0x6f, 0x10, 0xc7, 0x7c, 0xa7, 0x52, 0x00, 0x00, 0x0c, 0xd6, 0xf4,
    0x00, 0x00, 0x00, 0x00, 0x00, 0x01, 0xbf, 0xc0, 0x00, 0x00, 0x00, 0x00, 0x00, 0x00, 0x00, 0x00,
    0x25, 0x55, 0x51, 0x27, 0x77, 0x77, 0x77, 0x20, 0x4b, 0xbb, 0xf4, 0x4f, 0xaa, 0xaa, 0xae, 0x50,
    0x00, 0x00, 0xe4, 0x4d, 0x00, 0x00, 0x0d, 0x50, 0x00, 0x00, 0xe4, 0x4e, 0x55, 0x55, 0x5e, 0x50,
    0x0a, 0xaa, 0xf4, 0x4f, 0xcc, 0xfc, 0xcf, 0x50, 0x1f, 0x66, 0xe4, 0x15, 0x01, 0xf1, 0x04, 0x10,
    0x2f, 0x00, 0x00, 0x88, 0x89, 0xf9, 0x88, 0x80, 0x4d, 0x33, 0x30, 0xea, 0x88, 0xf9, 0x89, 0xf0,
    0x5e, 0xee, 0xf1, 0xe3, 0x01, 0xf1, 0x03, 0xf0, 0x00, 0x02, 0xf0, 0xe6, 0x34, 0xf5, 0x36, 0xf0,
    0x00, 0x02, 0xf0, 0xed, 0xdd, 0xfd, 0xdd, 0xc0, 0x00, 0x03, 0xf0, 0x61, 0x01, 0xf1, 0x05, 0x30,
    0x00, 0x05, 0xd0, 0x00, 0x01, 0xf1, 0x08, 0xc0, 0x16, 0x6c, 0xa6, 0xbb, 0xcd, 0xfe, 0xff, 0xf5,
    0x0c, 0xca, 0x14, 0x98, 0x75, 0x43, 0x21, 0x9a, 0x00, 0x00, 0x00, 0x00, 0x00, 0x00, 0x00, 0x00,
    0x00, 0x00, 0x10, 0x00, 0x01, 0x40, 0x00, 0x00, 0x00, 0x09, 0xd0, 0x00, 0x04, 0xf0, 0x00, 0x00,
    0x00, 0x5f, 0x30, 0x22, 0x26, 0xf2, 0x22, 0x10, 0x03, 0xf7, 0x04, 0xff, 0xff, 0xff, 0xff, 0xe0,
    0x3f, 0x90, 0x00, 0x00, 0x04, 0xf0, 0x00, 0x00, 0x89, 0x06, 0xd0, 0x00, 0x04, 0xf0, 0x00, 0x00,
    0x00, 0x1e, 0x6c, 0xcc, 0xcd, 0xfc, 0xcc, 0xc7, 0x00, 0xbc, 0x04, 0x44, 0x44, 0x44, 0x85, 0x42,
    0x07, 0xfa, 0x00, 0x00, 0x00, 0x00, 0xf4, 0x00, 0x6f, 0xca, 0x0b, 0xbb, 0xbb, 0xbb, 0xfc, 0xb8,
    0x85, 0x8a, 0x05, 0x56, 0x55, 0x55, 0xf8, 0x54, 0x00, 0x8a, 0x00, 0x8a, 0x00, 0x00, 0xf4, 0x00,
    0x00, 0x8a, 0x00, 0x2e, 0x80, 0x00, 0xf4, 0x00, 0x00, 0x8a, 0x00, 0x04, 0x90, 0x00, 0xf4, 0x00,
    0x00, 0x8a, 0x00, 0x00, 0x26, 0x58, 0xf3, 0x00, 0x00, 0x8a, 0x00, 0x00, 0x2d, 0xdd, 0x80, 0x00,
    0x00, 0x11, 0x00, 0x00, 0x00, 0x00, 0x00, 0x00, 0x00, 0x11, 0x00, 0x00, 0x02, 0x00, 0x00, 0x00,
    0x00, 0x99, 0x00, 0x00, 0x0f, 0x40, 0x00, 0x00, 0x00, 0x99, 0x00, 0x00, 0x0f, 0x40, 0x00, 0x00,
    0x00, 0x99, 0x01, 0x77, 0x7f, 0x97, 0x77, 0x00, 0x17, 0x9e, 0xb2, 0xaa, 0xaf, 0xba, 0xbf, 0x10,
    0x4c, 0x99, 0xd8, 0x00, 0x0f, 0x30, 0x2f, 0x10, 0x69, 0x99, 0x26, 0x00, 0x0f, 0x30, 0x2f, 0x10,
    0xa6, 0x99, 0x00, 0x00, 0x1f, 0x20, 0x2f, 0x10, 0x52, 0x99, 0x27, 0x77, 0x8f, 0x87, 0x8f, 0x84,
    0x00, 0x99, 0x3a, 0xaa, 0xcf, 0xda, 0xaa, 0xa6, 0x00, 0x99, 0x00, 0x00, 0xad, 0xe0, 0x00, 0x00,
    0x00, 0x99, 0x00, 0x01, 0xf3, 0xd7, 0x00, 0x00, 0x00, 0x99, 0x00, 0x0b, 0xb0, 0x4f, 0x40, 0x00,
    0x00, 0x99, 0x00, 0xae, 0x20, 0x09, 0xf5, 0x00, 0x00, 0x99, 0x2c, 0xf3, 0x00, 0x00, 0x9f, 0xb2,
    0x00, 0x99, 0x7d, 0x20, 0x00, 0x00, 0x06, 0xd1, 0x00, 0x11, 0x00, 0x00, 0x00, 0x00, 0x00, 0x00,
    0x00, 0x00, 0x00, 0x03, 0x30, 0x00, 0x00, 0x00, 0x00, 0x00, 0x00, 0x09, 0x80, 0x00, 0x00, 0x00,
    0x01, 0x11, 0x11, 0x1b, 0x81, 0x11, 0x11, 0x10, 0x3f, 0xff, 0xff, 0xff, 0xff, 0xff, 0xff, 0xf3,
    0x00, 0x00, 0x00, 0x6e, 0xe4, 0x00, 0x00, 0x00, 0x00, 0x00, 0x03, 0xf6, 0x5e, 0x30, 0x00, 0x00,
    0x00, 0x00, 0x6f, 0xb0, 0x07, 0xf6, 0x00, 0x00, 0x00, 0x4c, 0xf8, 0xea, 0x00, 0x5f, 0xc5, 0x00,
    0x5e, 0xfa, 0x10, 0x1c, 0x90, 0x01, 0xaf, 0xf4, 0x28, 0x10, 0x00, 0x04, 0x00, 0x00, 0x01, 0x60,
    0x00, 0x70, 0xa7, 0x3f, 0x70, 0x00, 0x57, 0x00, 0x05, 0xe0, 0xb8, 0x03, 0xf5, 0x05, 0x4f, 0x50,
    0x0b, 0x90, 0xb8, 0x00, 0x20, 0x2f, 0x17, 0xf3, 0x2f, 0x20, 0xb8, 0x00, 0x00, 0x5e, 0x00, 0xa6,
    0x28, 0x00, 0x8e, 0x99, 0x99, 0xe9, 0x00, 0x00, 0x00, 0x00, 0x06, 0x88, 0x88, 0x60, 0x00, 0x00,
    0x00, 0x12, 0x00, 0x00, 0x00, 0x30, 0x00, 0x00, 0x00, 0x8a, 0x00, 0x01, 0x00, 0xf3, 0x00, 0x00,
    0x00, 0x8a, 0x00, 0x0f, 0x50, 0xf3, 0x00, 0x00, 0x00, 0x8c, 0x40, 0x4f, 0x10, 0xf3, 0x00, 0x00,
    0x09, 0x8e, 0xe1, 0x9f, 0xcc, 0xfd, 0xcc, 0xc3, 0x3d, 0x8a, 0xa9, 0xf8, 0x55, 0xf7, 0x55, 0x51,
    0x6a, 0x8a, 0x18, 0xe0, 0x00, 0xf3, 0x00, 0x00, 0xa7, 0x8a, 0x0b, 0x70, 0x00, 0xf3, 0x00, 0x00,
    0x42, 0x8a, 0x00, 0x00, 0x00, 0xf3, 0x00, 0x00, 0x00, 0x8a, 0x00, 0xee, 0xee, 0xfe, 0xee, 0xe0,
    0x00, 0x8a, 0x00, 0x33, 0x33, 0xf5, 0x33, 0x30, 0x00, 0x8a, 0x00, 0x00, 0x00, 0xf3, 0x00, 0x00,
    0x00, 0x8a, 0x00, 0x00, 0x00, 0xf3, 0x00, 0x00, 0x00, 0x8a, 0x00, 0x00, 0x00, 0xf3, 0x00, 0x00,
    0x00, 0x8a, 0x09, 0x99, 0x99, 0xfb, 0x99, 0x97, 0x00, 0x8a, 0x07, 0x77, 0x77, 0x77, 0x77, 0x76,
    0x00, 0x12, 0x00, 0x00, 0x00, 0x00, 0x00, 0x00, 0x00, 0x00, 0x00, 0x22, 0x00, 0x00, 0x00, 0x00,
    0x00, 0x00, 0x00, 0xaa, 0x00, 0x00, 0x00, 0x00, 0x00, 0x8c, 0xcc, 0xfd, 0xcc, 0xcc, 0xc7, 0x00,
    0x00, 0xba, 0x44, 0x44, 0x44, 0x44, 0xb9, 0x00, 0x00, 0xbb, 0x66, 0x66, 0x66, 0x66, 0xc9, 0x00,
    0x00, 0xbc, 0x99, 0x99, 0x99, 0x99, 0xd9, 0x00, 0x00, 0xb8, 0x11, 0x11, 0x11, 0x11, 0xa9, 0x00,
    0x00, 0xbf, 0xee, 0xee, 0xee, 0xee, 0xf9, 0x00, 0x00, 0xb7, 0x00, 0x00, 0x00, 0x00, 0xa9, 0x00,
    0x00, 0xbe, 0xcc, 0xcc, 0xcc, 0xcc, 0xe9, 0x00, 0x00, 0x88, 0x44, 0x49, 0x44, 0x44, 0x96, 0x00,
    0x06, 0x50, 0xa1, 0x1e, 0x90, 0x00, 0x0c, 0x30, 0x0e, 0x51, 0xf1, 0x02, 0xf5, 0x09, 0x58, 0xe1,
    0x5e, 0x01, 0xf1, 0x00, 0x20, 0x0e, 0x60, 0xbb, 0x88, 0x00, 0xe9, 0x66, 0x66, 0x9f, 0x10, 0x11,
    0x00, 0x00, 0x4a, 0xbb, 0xbb, 0xa4, 0x00, 0x00, 0x00, 0x00, 0x00, 0x00, 0x00, 0x30, 0x20, 0x00,
    0x00, 0x00, 0x00, 0x00, 0x03, 0xe0, 0xca, 0x00, 0x00, 0x66, 0x66, 0x66, 0x67, 0xf6, 0x6b, 0x63,
    0x01, 0xfa, 0xaa, 0xaa, 0xaa, 0xfa, 0xaa, 0xa5, 0x01, 0xf2, 0x44, 0x44, 0x42, 0xf1, 0x03, 0x00,
    0x01, 0xf4, 0xbb, 0xbb, 0xb3, 0xe3, 0x0e, 0x50, 0x02, 0xf0, 0x33, 0x33, 0x30, 0xb7, 0x6d, 0x00,
    0x04, 0xe0, 0xeb, 0xbb, 0xe0, 0x7d, 0xf3, 0x10, 0x08, 0xb0, 0xe2, 0x02, 0xe0, 0x2f, 0x90, 0x8a,
    0x0e, 0x60, 0xed, 0xcd, 0xe1, 0xde, 0xe2, 0xd6, 0x7e, 0x00, 0x83, 0x24, 0x2d, 0x90, 0xaf, 0xe1,
    0x15, 0x60, 0x53, 0x0e, 0x51, 0x00, 0x04, 0x20, 0x05, 0xe0, 0xb7, 0x05, 0xf2, 0x2b, 0x1e, 0x40,
    0x0d, 0x70, 0xb7, 0x00, 0x40, 0x4f, 0x06, 0xe1, 0x5e, 0x00, 0x9d, 0x65, 0x56, 0xda, 0x00, 0xc6,
    0x02, 0x00, 0x19, 0xbb, 0xbb, 0x91, 0x00, 0x00, 0x00, 0x00, 0x00, 0x00, 0x00, 0x00, 0x00, 0x00,
    0x00, 0xa8, 0x00, 0xaa, 0xaa, 0xaa, 0xaa, 0x30, 0x00, 0xa8, 0x01, 0xf3, 0x33, 0x33, 0x3d, 0x50,
    0x00, 0xa8, 0x01, 0xfd, 0xdd, 0xdd, 0xdf, 0x50, 0x17, 0xad, 0x91, 0xf1, 0x11, 0x11, 0x1c, 0x50,
    0x4c, 0xa8, 0xe6, 0xfc, 0xcc, 0xcc, 0xcf, 0x50, 0x69, 0xa8, 0x45, 0x43, 0x33, 0x33, 0x34, 0x30,
    0xa6, 0xa8, 0x0f, 0xaa, 0xfa, 0xaf, 0xaa, 0xf2, 0x52, 0xa8, 0x0f, 0x20, 0xe1, 0x0d, 0x10, 0xe2,
    0x00, 0xa8, 0x0f, 0xed, 0xfd, 0xdf, 0xdd, 0xf2, 0x00, 0xa8, 0x05, 0x00, 0x00, 0x00, 0x00, 0x40,
    0x00, 0xa8, 0x05, 0xef, 0xdd, 0xdd, 0xef, 0x10, 0x00, 0xa8, 0x00, 0x0c, 0x80, 0x03, 0xe7, 0x00,
    0x00, 0xa8, 0x00, 0x01, 0xbd, 0xae, 0x50, 0x00, 0x00, 0xa8, 0x01, 0x48, 0xde, 0xde, 0xa7, 0x41,
    0x00, 0xa8, 0x5f, 0xc8, 0x40, 0x02, 0x7b, 0xe4, 0x00, 0x10, 0x00, 0x00, 0x00, 0x00, 0x00, 0x00,
    0x00, 0x00, 0x00, 0x01, 0x10, 0x00, 0x00, 0x00, 0x00, 0x00, 0x00, 0xcb, 0x00, 0x00, 0x00, 0x02,
    0xcc, 0xcc, 0xcd, 0xfc, 0xcc, 0xcc, 0x70, 0x3f, 0x66, 0x66, 0x66, 0x66, 0x66, 0xba, 0x03, 0xf2,
    0x22, 0x22, 0x22, 0x22, 0x2a, 0xa0, 0x3f, 0xff, 0xff, 0xff, 0xff, 0xff, 0xfa, 0x03, 0xf0, 0x00,
    0x00, 0x00, 0x00, 0x03, 0x40, 0x3f, 0x6b, 0xbb, 0xb8, 0x8b, 0xbb, 0xb9, 0x03, 0xf3, 0x66, 0x6a,
    0xb4, 0x76, 0x69, 0xc0, 0x4e, 0x0e, 0x60, 0x7b, 0x5e, 0x20, 0x6c, 0x05, 0xd0, 0x4f, 0x57, 0xb0,
    0x9e, 0x06, 0xc0, 0x8b, 0x00, 0x45, 0xcb, 0x00, 0x68, 0xec, 0x0b, 0x87, 0xcf, 0xdc, 0xb9, 0xfe,
    0x99, 0xc1, 0xf4, 0x97, 0x20, 0x7b, 0x54, 0x00, 0x6c, 0x8e, 0x00, 0x25, 0x5c, 0xa0, 0x25, 0x5c,
    0xb5, 0x60, 0x04, 0xdd, 0xc2, 0x04, 0xee, 0xc3, 0x00, 0x00, 0x00, 0x00, 0x00, 0x00, 0x00, 0x00,
    0x02, 0x33, 0x34, 0x45, 0x66, 0x78, 0x9b, 0x10, 0x0b, 0xff, 0xff, 0xff, 0xfd, 0xcb, 0xa9, 0x20,
    0x01, 0x10, 0x00, 0x09, 0xb0, 0x00, 0x00, 0x00, 0x00, 0x00, 0x00, 0x09, 0xb0, 0x00, 0x00, 0x00,
    0x02, 0x44, 0x44, 0x4b, 0xc4, 0x44, 0x44, 0x10, 0x08, 0xff, 0xff, 0xff, 0xff, 0xff, 0xff, 0x50,
    0x00, 0x00, 0x00, 0x09, 0xb0, 0x00, 0x00, 0x00, 0x00, 0x00, 0x00, 0x09, 0xb0, 0x00, 0x00, 0x00,
    0x23, 0x33, 0x33, 0x3b, 0xc3, 0x33, 0x33, 0x32, 0xaf, 0xff, 0xff, 0xff, 0xff, 0xff, 0xff, 0xfb,
    0x00, 0x00, 0x00, 0x09, 0xb0, 0x00, 0x00, 0x00, 0x00, 0x00, 0x00, 0x09, 0xb0, 0x00, 0x00, 0x00,
    0x00, 0x00, 0x00, 0x0a, 0xb0, 0x00, 0x00, 0x00, 0x00, 0x01, 0x98, 0x8f, 0x90, 0x00, 0x00, 0x00,
    0x00, 0x00, 0xcc, 0xca, 0x10, 0x00, 0x00, 0x00, 0x00, 0x22, 0x00, 0x00, 0x00, 0x00, 0x00, 0x00,
    0x00, 0x99, 0x01, 0x88, 0x88, 0x88, 0x88, 0x60, 0x00, 0x99, 0x01, 0x9f, 0x98, 0x88, 0x8e, 0xa0,
    0x23, 0xaa, 0x32, 0x0b, 0x90, 0x00, 0x6e, 0x20, 0x8e, 0xff, 0xe8, 0x01, 0xd9, 0x08, 0xf3, 0x00,
    0x00, 0x99, 0x00, 0x00, 0x1e, 0xff, 0x30, 0x00, 0x00, 0x99, 0x01, 0x59, 0xfd, 0x8d, 0xfb, 0x84,
    0x00, 0x99, 0x08, 0xea, 0x41, 0x80, 0x48, 0xc6, 0x03, 0xbe, 0xe5, 0x00, 0x02, 0xf1, 0x00, 0x00,
    0xbf, 0xfc, 0x40, 0xcc, 0xcc, 0xfc, 0xcc, 0xc0, 0x31, 0x99, 0x00, 0x55, 0x57, 0xf6, 0x55, 0x50,
    0x00, 0x99, 0x00, 0x00, 0x02, 0xf1, 0x00, 0x00, 0x00, 0x99, 0x0d, 0xdd, 0xdd, 0xfd, 0xdd, 0xda,
    0x00, 0x99, 0x04, 0x44, 0x46, 0xf5, 0x44, 0x43, 0x34, 0xd8, 0x00, 0x00, 0x02, 0xf1, 0x00, 0x00,
    0x7e, 0xc2, 0x00, 0x00, 0x01, 0xf0, 0x00, 0x00, 0x00, 0x21, 0x00, 0x00, 0x42, 0x00, 0x00, 0x00,
    0x00, 0xd6, 0x00, 0x02, 0xf4, 0x00, 0x00, 0x00, 0x00, 0xd6, 0x00, 0x0b, 0xfb, 0xbb, 0xb6, 0x00,
    0x35, 0xd9, 0x50, 0x6e, 0x65, 0x57, 0xf6, 0x00, 0x7c, 0xfd, 0xc5, 0xf4, 0x00, 0x0c, 0x90, 0x00,
    0x00, 0xd6, 0x09, 0xd7, 0x77, 0xbf, 0x77, 0x30, 0x00, 0xd6, 0x00, 0xfa, 0x9b, 0xe9, 0x9d, 0x80,
    0x00, 0xd7, 0x70, 0xf1, 0x05, 0xc0, 0x09, 0x80, 0x16, 0xef, 0xc0, 0xf1, 0x05, 0xc0, 0x09, 0x80,
    0xbe, 0xf6, 0x00, 0xf1, 0x06, 0xb0, 0x09, 0x80, 0x10, 0xd6, 0x4c, 0xfc, 0xcd, 0xec, 0xce, 0xe9,
    0x00, 0xd6, 0x15, 0x55, 0x5e, 0xf6, 0x55, 0x53, 0x00, 0xd6, 0x00, 0x00, 0x6e, 0x9b, 0x00, 0x00,
    0x00, 0xd6, 0x00, 0x08, 0xf5, 0x0d, 0xb1, 0x00, 0x45, 0xe5, 0x27, 0xee, 0x40, 0x01, 0xdf, 0x93,
    0xae, 0xb1, 0x8e, 0x80, 0x00, 0x00, 0x07, 0xd3, 0x00, 0x00, 0x00, 0x00, 0x00, 0x00, 0x00, 0x00,
    0x00, 0x21, 0x00, 0x00, 0x00, 0x00, 0x00, 0x00, 0x00, 0x99, 0x01, 0x66, 0x66, 0x66, 0x66, 0x50,
    0x00, 0x99, 0x04, 0xfa, 0xaa, 0xaa, 0xab, 0xf0, 0x23, 0xba, 0x35, 0xd0, 0x00, 0x00, 0x03, 0xf0,
    0x8e, 0xff, 0xe8, 0xe5, 0x55, 0x55, 0x57, 0xf0, 0x00, 0x99, 0x04, 0xfa, 0xaa, 0xbb, 0xab, 0xf0,
    0x00, 0x99, 0x04, 0xd0, 0x00, 0x89, 0x00, 0x20, 0x00, 0x99, 0x34, 0xe6, 0x66, 0xbc, 0x66, 0x64,
    0x04, 0xcf, 0xf6, 0xfa, 0xaa, 0xdd, 0xaa, 0xa7, 0xbf, 0xeb, 0x16, 0xc0, 0x00, 0x89, 0x00, 0x00,
    0x31, 0x99, 0x07, 0xa4, 0x55, 0xbb, 0x55, 0x40, 0x00, 0x99, 0x0a, 0x8c, 0xcb, 0xbb, 0xbc, 0xd0,
    0x00, 0x99, 0x0e, 0x4c, 0x60, 0x00, 0x04, 0xd0, 0x00, 0x99, 0x4e, 0x0c, 0x60, 0x00, 0x04, 0xd0,
    0x35, 0xd8, 0xd9, 0x0c, 0xff, 0xff, 0xff, 0xd0, 0x6e, 0xc3, 0xc1, 0x0b, 0x60, 0x00, 0x04, 0xc0,
    0x00, 0x00, 0x00, 0x00, 0x00, 0x00, 0x00, 0x00, 0x00, 0x11, 0x00, 0x00, 0x00, 0x20, 0x00, 0x00,
    0x00, 0x99, 0x00, 0x00, 0x07, 0xd0, 0x00, 0x00, 0x00, 0x99, 0x02, 0x77, 0x78, 0xf9, 0x77, 0x72,
    0x23, 0xba, 0x34, 0x99, 0x99, 0x99, 0x99, 0x92, 0x8e, 0xff, 0xe5, 0x0b, 0x80, 0x00, 0xac, 0x00,
    0x00, 0x99, 0x00, 0x02, 0xf2, 0x04, 0xf2, 0x00, 0x00, 0x99, 0x0a, 0xbb, 0xbb, 0xbe, 0xdb, 0xb7,
    0x00, 0x99, 0x35, 0x55, 0x59, 0x55, 0x55, 0x53, 0x04, 0xcf, 0xf1, 0x00, 0x5f, 0x10, 0x00, 0x00,
    0xbf, 0xeb, 0x1b, 0xbb, 0xee, 0xbb, 0xbb, 0xb6, 0x31, 0x99, 0x05, 0x5c, 0xc5, 0x55, 0xf9, 0x52,
    0x00, 0x99, 0x00, 0x4f, 0x30, 0x06, 0xe0, 0x00, 0x00, 0x99, 0x00, 0x29, 0xea, 0x6f, 0x40, 0x00,
    0x00, 0x99, 0x00, 0x00, 0x3e, 0xfe, 0x60, 0x00, 0x35, 0xd8, 0x04, 0x7c, 0xfb, 0x26, 0xdf, 0x81,
    0x6e, 0xc2, 0x3f, 0xc7, 0x20, 0x00, 0x05, 0xd3, 0x00, 0x00, 0x00, 0x00, 0x00, 0x00, 0x00, 0x00,
    0x00, 0x22, 0x00, 0x00, 0x01, 0x10, 0x00, 0x00, 0x00, 0x9a, 0x00, 0x00, 0x0b, 0xb0, 0x00, 0x00,
    0x00, 0x9a, 0x00, 0x00, 0x02, 0xf4, 0x00, 0x00, 0x24, 0xab, 0x43, 0xff, 0xff, 0xff, 0xff, 0xf3,
    0x9e, 0xff, 0xe6, 0xf3, 0x33, 0x33, 0x33, 0xf4, 0x00, 0x9a, 0x02, 0xe0, 0x63, 0x03, 0x60, 0xd3,
    0x00, 0x9a, 0x00, 0x08, 0xf5, 0x04, 0xea, 0x00, 0x00, 0x9a, 0x11, 0xbe, 0x40, 0x00, 0x2d, 0xd1,
    0x04, 0xcf, 0xf7, 0xc2, 0x00, 0x00, 0x01, 0xc3, 0xbf, 0xec, 0x30, 0xab, 0xbb, 0xbb, 0xbb, 0xa0,
    0x31, 0x9a, 0x00, 0x56, 0x67, 0xf6, 0x66, 0x50, 0x00, 0x9a, 0x00, 0x00, 0x02, 0xf1, 0x00, 0x00,
    0x00, 0x9a, 0x00, 0x00, 0x02, 0xf1, 0x00, 0x00, 0x00, 0x9a, 0x00, 0x00, 0x02, 0xf1, 0x00, 0x00,
    0x35, 0xc9, 0x0b, 0xbb, 0xbc, 0xfb, 0xbb, 0xb7, 0x7e, 0xd3, 0x06, 0x77, 0x77, 0x77, 0x77, 0x74,
    0x00, 0x00, 0x10, 0x00, 0x00, 0x21, 0x00, 0x00, 0x06, 0x10, 0xd4, 0x07, 0x20, 0xb8, 0x00, 0x00,
    0x0a, 0xb0, 0xd4, 0x5e, 0x20, 0xe4, 0x00, 0x00, 0x01, 0xa1, 0xd4, 0xa4, 0x04, 0xf4, 0x44, 0x42,
    0x4a, 0xaa, 0xfb, 0xaa, 0x29, 0xed, 0xde, 0xf9, 0x26, 0x6c, 0xf9, 0x66, 0x3f, 0x70, 0x09, 0xa0,
    0x00, 0x8d, 0xee, 0x90, 0xaf, 0x90, 0x0b, 0x80, 0x3d, 0xc1, 0xd5, 0xbd, 0xa9, 0xc0, 0x0e, 0x50,
    0x77, 0x04, 0x82, 0x05, 0x02, 0xf0, 0x2f, 0x10, 0x24, 0x4f, 0x74, 0x43, 0x00, 0xe6, 0x7d, 0x00,
    0x7c, 0xfd, 0xcc, 0xdd, 0x00, 0x8c, 0xe7, 0x00, 0x05, 0xe1, 0x00, 0xc7, 0x00, 0x1f, 0xf1, 0x00,
    0x05, 0xeb, 0x49, 0xd0, 0x00, 0x4f, 0xe2, 0x00, 0x00, 0x08, 0xff, 0x70, 0x03, 0xfa, 0xce, 0x20,
    0x03, 0x9f, 0x97, 0xf9, 0x5f, 0xb0, 0x1d, 0xf5, 0xaf, 0x93, 0x00, 0x13, 0xf8, 0x00, 0x01, 0xb8,
    0x10, 0x00, 0x00, 0x00, 0x10, 0x00, 0x00, 0x00, 0x00, 0x00, 0x20, 0x00, 0x00, 0x00, 0x00, 0x00,
    0x00, 0x06, 0xd0, 0x00, 0x00, 0x12, 0x36, 0x90, 0x28, 0x88, 0xf9, 0x88, 0x0f, 0xff, 0xec, 0xa2,
    0x27, 0x97, 0x77, 0x97, 0x0f, 0x20, 0x00, 0x00, 0x04, 0xe1, 0x02, 0xf3, 0x0f, 0x10, 0x00, 0x00,
    0x00, 0xa6, 0x0c, 0x80, 0x0f, 0x10, 0x00, 0x00, 0xbe, 0xee, 0xef, 0xee, 0x6f, 0x54, 0x44, 0x43,
    0x11, 0x12, 0x81, 0x11, 0x0f, 0xdc, 0xee, 0xca, 0x00, 0x02, 0xf0, 0x00, 0x0f, 0x10, 0x99, 0x00,
    0x5f, 0xff, 0xff, 0xff, 0x1f, 0x00, 0x99, 0x00, 0x01, 0x12, 0xf0, 0x00, 0x2f, 0x00, 0x99, 0x00,
    0x08, 0xb2, 0xf5, 0xd0, 0x5c, 0x00, 0x99, 0x00, 0x1f, 0x42, 0xf0, 0xd8, 0x99, 0x00, 0x99, 0x00,
    0x8c, 0x02, 0xf0, 0x35, 0xf3, 0x00, 0x99, 0x00, 0x14, 0x59, 0xe0, 0x0a, 0xc0, 0x00, 0x99, 0x00,
    0x02, 0xcb, 0x50, 0x0a, 0x30, 0x00, 0x99, 0x00, 0x00, 0x00, 0x00, 0x00, 0x00, 0x00, 0x00, 0x00,
    0x00, 0x01, 0x00, 0x00, 0x20, 0x00, 0x00, 0x00, 0x00, 0x7c, 0x00, 0x00, 0xe5, 0x00, 0x00, 0x00,
    0x00, 0x0d, 0x60, 0x05, 0xf4, 0x44, 0x44, 0x42, 0x5b, 0xbd, 0xbb, 0x3c, 0xed, 0xdd, 0xdd, 0xd8,
    0x37, 0xf6, 0x66, 0x7f, 0x10, 0x00, 0x00, 0x00, 0x02, 0xf0, 0x00, 0xe9, 0x44, 0x44, 0x44, 0x41,
    0x02, 0xf4, 0x43, 0x46, 0xcc, 0xee, 0xcc, 0xf4, 0x03, 0xfc, 0xdb, 0x00, 0x00, 0x99, 0x05, 0xe0,
    0x03, 0xe0, 0x6b, 0x03, 0x30, 0x99, 0x06, 0x60, 0x04, 0xd0, 0x7a, 0x0a, 0x70, 0x9a, 0x33, 0x30,
    0x05, 0xc0, 0x7a, 0x0a, 0x60, 0x9f, 0xdd, 0xd0, 0x08, 0x90, 0x89, 0x0d, 0x50, 0x99, 0x00, 0x00,
    0x0b, 0x60, 0x89, 0x0f, 0xa0, 0x99, 0x00, 0x00, 0x1f, 0x20, 0xa8, 0x5e, 0xd8, 0x99, 0x00, 0x00,
    0x9b, 0x8a, 0xf4, 0xc8, 0x2e, 0xfc, 0x87, 0x75, 0x63, 0x57, 0x42, 0xe1, 0x00, 0x69, 0xaa, 0xa5,
    0x00, 0x00, 0x00, 0x10, 0x00, 0x00, 0x00, 0x00, 0x00, 0x00, 0x00, 0x00, 0x00, 0x00, 0x00, 0x00,
    0x05, 0xff, 0xff, 0xff, 0xff, 0xff, 0xff, 0x60, 0x00, 0x22, 0x22, 0x2f, 0x62, 0x22, 0x22, 0x10,
    0x00, 0x00, 0x00, 0x1f, 0x30, 0x00, 0x00, 0x00, 0x00, 0x00, 0x00, 0x2f, 0x10, 0x00, 0x00, 0x00,
    0x13, 0x33, 0x33, 0x7f, 0x33, 0x33, 0x33, 0x31, 0x8f, 0xff, 0xff, 0xff, 0xff, 0xff, 0xff, 0xf9,
    0x00, 0x00, 0x00, 0xd8, 0x00, 0x00, 0x00, 0x00, 0x00, 0x00, 0x04, 0xf3, 0x6a, 0x00, 0x00, 0x00,
    0x00, 0x00, 0x0b, 0xc0, 0x8c, 0x00, 0x00, 0x00, 0x00, 0x00, 0x6f, 0x40, 0x8c, 0x00, 0x00, 0x65,
    0x00, 0x04, 0xf9, 0x00, 0x8c, 0x00, 0x00, 0xaa, 0x00, 0x5f, 0xb0, 0x00, 0x7c, 0x00, 0x00, 0xc8,
    0x1a, 0xf9, 0x00, 0x00, 0x4f, 0x98, 0x8a, 0xf4, 0x6e, 0x50, 0x00, 0x00, 0x05, 0x99, 0x99, 0x50,
    0x00, 0x00, 0x00, 0x00, 0x00, 0x00, 0x00, 0x00, 0x00, 0x00, 0x00, 0x00, 0x00, 0x00, 0x32, 0x00,
    0x00, 0x00, 0x00, 0x00, 0x00, 0x00, 0xb9, 0x00, 0x1d, 0xdd, 0xdd, 0x30, 0x00, 0x00, 0xb9, 0x00,
    0x2f, 0x65, 0x5f, 0x40, 0x00, 0x00, 0xb9, 0x00, 0x2f, 0x10, 0x0f, 0x7d, 0xdd, 0xdd, 0xff, 0xda,
    0x2f, 0x10, 0x0f, 0x54, 0x44, 0x44, 0xcb, 0x43, 0x2f, 0x10, 0x0f, 0x40, 0x00, 0x00, 0xb9, 0x00,
    0x2f, 0xbb, 0xbf, 0x45, 0xd0, 0x00, 0xb9, 0x00, 0x2f, 0x76, 0x6f, 0x41, 0xf6, 0x00, 0xb9, 0x00,
    0x2f, 0x10, 0x0f, 0x40, 0x8e, 0x00, 0xb9, 0x00, 0x2f, 0x10, 0x0f, 0x40, 0x1d, 0x20, 0xb9, 0x00,
    0x2f, 0x10, 0x0f, 0x40, 0x00, 0x00, 0xb9, 0x00, 0x2f, 0x98, 0x8f, 0x40, 0x00, 0x00, 0xb9, 0x00,
    0x2f, 0xa9, 0x9f, 0x40, 0x00, 0x00, 0xb8, 0x00, 0x2f, 0x10, 0x0e, 0x30, 0x27, 0x77, 0xf6, 0x00,
    0x01, 0x00, 0x00, 0x00, 0x2c, 0xcc, 0x90, 0x00, 0x00, 0x22, 0x00, 0x00, 0x00, 0x00, 0x00, 0x00,
    0x0b, 0x80, 0x00, 0x00, 0x00, 0x00, 0x00, 0x05, 0xfd, 0xdd, 0xdb, 0x2f, 0xff, 0xff, 0xd3, 0xf5,
    0x2e, 0x62, 0x22, 0xf0, 0x00, 0x5d, 0x38, 0x22, 0xf5, 0x22, 0x3f, 0x00, 0x05, 0xd6, 0xdd, 0xef,
    0xdd, 0xd7, 0xf0, 0x00, 0x5d, 0x00, 0x0b, 0xf8, 0x10, 0x2f, 0x88, 0x8b, 0xd0, 0x0a, 0xe3, 0xae,
    0x62, 0xf7, 0x77, 0xad, 0x6e, 0xd2, 0x00, 0x4b, 0x16, 0x00, 0x02, 0x54, 0x63, 0xff, 0xff, 0xff,
    0xff, 0xff, 0x40, 0x00, 0x2f, 0x00, 0x00, 0x00, 0x00, 0xd4, 0x00, 0x02, 0xf4, 0x44, 0x44, 0x44,
    0x4e, 0x40, 0x00, 0x2f, 0xbb, 0xbb, 0xbb, 0xbb, 0xf4, 0x00, 0x02, 0xf0, 0x00, 0x00, 0x00, 0x0d,
    0x40, 0x00, 0x2f, 0x99, 0x99, 0x99, 0x99, 0xf4, 0x00, 0x02, 0xf7, 0x77, 0x77, 0x77, 0x7e, 0x40,
    0x00, 0x02, 0x00, 0x00, 0x00, 0x00, 0x10, 0x00, 0x00, 0x00, 0x00, 0x41, 0x00, 0x00, 0x00, 0x00,
    0x00, 0x00, 0x02, 0xf4, 0x00, 0x00, 0x00, 0x00, 0x26, 0x66, 0x6a, 0xf6, 0x66, 0x66, 0x66, 0x64,
    0x4c, 0xcc, 0xcf, 0xcc, 0xcc, 0xcc, 0xcc, 0xc7, 0x00, 0x00, 0x9c, 0x00, 0x00, 0x00, 0x00, 0x00,
    0x00, 0x04, 0xfa, 0x77, 0x77, 0x77, 0x75, 0x00, 0x00, 0x1e, 0xda, 0xaa, 0xaa, 0xaa, 0xdc, 0x00,
    0x01, 0xdf, 0xa0, 0x00, 0x00, 0x00, 0x7c, 0x00, 0x1d, 0xca, 0xd8, 0x88, 0x88, 0x88, 0xbc, 0x00,
    0xac, 0x19, 0xd9, 0x99, 0x99, 0x99, 0xcc, 0x00, 0x11, 0x09, 0xa0, 0x00, 0x00, 0x00, 0x7c, 0x00,
    0x00, 0x09, 0xd9, 0x99, 0x99, 0x99, 0xcc, 0x00, 0x00, 0x09, 0xd8, 0x88, 0x88, 0x88, 0xbc, 0x00,
    0x00, 0x09, 0xa0, 0x00, 0x00, 0x00, 0x7c, 0x00, 0x00, 0x09, 0xa0, 0x00, 0x05, 0x55, 0xda, 0x00,
    0x00, 0x09, 0xa0, 0x00, 0x09, 0xdd, 0xb2, 0x00, 0x00, 0x00, 0x00, 0x00, 0x00, 0x00, 0x00, 0x00,
    0x00, 0x00, 0x00, 0x03, 0x30, 0x00, 0x00, 0x00, 0x00, 0x00, 0x00, 0x09, 0x90, 0x00, 0x00, 0x00,
    0x00, 0x00, 0x00, 0x09, 0x90, 0x00, 0x00, 0x00, 0x06, 0xaa, 0xaa, 0xad, 0xda, 0xaa, 0xaa, 0x70,
    0x05, 0x88, 0x88, 0x8c, 0xc8, 0x88, 0x88, 0x50, 0x00, 0x00, 0x00, 0x09, 0x90, 0x00, 0x00, 0x00,
    0x00, 0x00, 0x00, 0x09, 0x90, 0x00, 0x00, 0x00, 0x48, 0x88, 0x88, 0x8d, 0xd8, 0x88, 0x88, 0x84,
    0x59, 0x99, 0x99, 0xbf, 0xfb, 0x99, 0x99, 0x95, 0x00, 0x00, 0x00, 0xde, 0xec, 0x00, 0x00, 0x00,
    0x00, 0x00, 0x1c, 0x99, 0x99, 0xb0, 0x00, 0x00, 0x00, 0x02, 0xda, 0x09, 0x90, 0xbd, 0x20, 0x00,
    0x00, 0x6f, 0x90, 0x09, 0x90, 0x09, 0xf7, 0x00, 0x3c, 0xf5, 0x00, 0x09, 0x90, 0x00, 0x5f, 0xe6,
    0x6b, 0x20, 0x00, 0x09, 0x90, 0x00, 0x01, 0x93, 0x00, 0x00, 0x00, 0x09, 0x90, 0x00, 0x00, 0x00,
    0x00, 0x00, 0x00, 0x00, 0x00, 0x00, 0x00, 0x00, 0x00, 0x00, 0x00, 0x03, 0x30, 0x00, 0x00, 0x00,
    0x00, 0x00, 0x00, 0x09, 0x90, 0x00, 0x00, 0x00, 0x00, 0x00, 0x00, 0x09, 0x90, 0x00, 0x00, 0x00,
    0x38, 0x88, 0x88, 0x8d, 0xd8, 0x88, 0x88, 0x83, 0x39, 0x99, 0x99, 0xbf, 0xfa, 0x99, 0x99, 0x93,
    0x00, 0x00, 0x00, 0xaf, 0xf9, 0x00, 0x00, 0x00, 0x00, 0x00, 0x04, 0xda, 0xad, 0x30, 0x00, 0x00,
    0x00, 0x00, 0x1e, 0x49, 0x95, 0xd1, 0x00, 0x00, 0x00, 0x00, 0xc9, 0x09, 0x90, 0xab, 0x00, 0x00,
    0x00, 0x0b, 0xd0, 0x09, 0x90, 0x1d, 0xa0, 0x00, 0x00, 0xae, 0x10, 0x09, 0x90, 0x02, 0xeb, 0x00,
    0x1c, 0xe3, 0x33, 0x3b, 0xb3, 0x33, 0x4e, 0xd3, 0x7e, 0x24, 0xee, 0xef, 0xfe, 0xee, 0x22, 0xd3,
    0x01, 0x00, 0x00, 0x09, 0x90, 0x00, 0x00, 0x00, 0x00, 0x00, 0x00, 0x09, 0x90, 0x00, 0x00, 0x00,
    0x00, 0x00, 0x00, 0x09, 0x90, 0x00, 0x00, 0x00, 0x00, 0x00, 0x00, 0x01, 0x10, 0x00, 0x00, 0x00,
    0x00, 0x04, 0x00, 0x00, 0x00, 0x00, 0x00, 0x00, 0x00, 0x3e, 0x00, 0x03, 0x44, 0x44, 0x40, 0x00,
    0x00, 0x3e, 0x00, 0x0d, 0xfe, 0xee, 0xf0, 0x00, 0x23, 0x5f, 0x33, 0x0d, 0x70, 0x04, 0xf0, 0x00,
    0x8d, 0xef, 0xdd, 0x1d, 0x70, 0x04, 0xf0, 0x00, 0x00, 0x8e, 0x00, 0x0d, 0x70, 0x04, 0xf0, 0x00,
    0x00, 0xde, 0x00, 0x0d, 0x70, 0x04, 0xf0, 0x00, 0x03, 0xff, 0xd4, 0x0d, 0x70, 0x04, 0xf0, 0x00,
    0x0b, 0xae, 0x5f, 0x3d, 0x60, 0x04, 0xf0, 0x00, 0x4f, 0x4e, 0x03, 0x0e, 0x50, 0x04, 0xf0, 0x00,
    0xa9, 0x3e, 0x00, 0x0f, 0x40, 0x04, 0xf0, 0x00, 0x51, 0x3e, 0x00, 0x3f, 0x10, 0x04, 0xf0, 0x4d,
    0x00, 0x3e, 0x00, 0x8d, 0x00, 0x04, 0xf0, 0x6d, 0x00, 0x3e, 0x01, 0xf7, 0x00, 0x03, 0xf0, 0x8b,
    0x00, 0x3e, 0x0b, 0xe0, 0x00, 0x01, 0xfd, 0xf7, 0x00, 0x3e, 0x1d, 0x40, 0x00, 0x00, 0x47, 0x60,
    0x00, 0x00, 0x00, 0x00, 0x00, 0x00, 0x00, 0x00, 0x00, 0x00, 0x00, 0x00, 0x00, 0x00, 0x00, 0x00,
    0x00, 0x79, 0x01, 0x44, 0x44, 0x44, 0x42, 0x00, 0x00, 0x79, 0x03, 0xdf, 0xdd, 0xdd, 0xf8, 0x00,
    0x00, 0x79, 0x00, 0x0e, 0x40, 0x02, 0xf3, 0x00, 0xbf, 0xff, 0xfa, 0x0e, 0x40, 0x09, 0xb0, 0x00,
    0x00, 0xa9, 0x00, 0x0e, 0x70, 0x1f, 0x30, 0x00, 0x00, 0xe9, 0x00, 0x0f, 0xc0, 0x4f, 0xff, 0xb0,
    0x04, 0xfe, 0xb0, 0x0f, 0xf3, 0x02, 0x2c, 0x90, 0x0b, 0xd9, 0xbc, 0x1f, 0x9a, 0x00, 0x1f, 0x30,
    0x3e, 0x89, 0x04, 0x3f, 0x2f, 0x20, 0x8c, 0x00, 0xa8, 0x79, 0x00, 0x6c, 0x09, 0xc3, 0xf4, 0x00,
    0x60, 0x79, 0x00, 0xb7, 0x01, 0xef, 0xa0, 0x00, 0x00, 0x79, 0x02, 0xf2, 0x00, 0xcf, 0x90, 0x00,
    0x00, 0x79, 0x0b, 0xa0, 0x1c, 0xe7, 0xfb, 0x10, 0x00, 0x79, 0x6f, 0x24, 0xed, 0x20, 0x4e, 0xe5,
    0x00, 0x79, 0x96, 0x0d, 0x90, 0x00, 0x01, 0xb3, 0x00, 0x00, 0x00, 0x00, 0x00, 0x00, 0x00, 0x00,
    0x00, 0x22, 0x00, 0x00, 0x40, 0x00, 0x30, 0x00, 0x00, 0x79, 0x00, 0x01, 0xf0, 0x03, 0xe0, 0x00,
    0x00, 0x79, 0x06, 0xcc, 0xfc, 0xcd, 0xfc, 0xc6, 0x00, 0x79, 0x02, 0x34, 0xf3, 0x36, 0xe3, 0x32,
    0x8d, 0xee, 0xd8, 0x12, 0x91, 0x13, 0x81, 0x00, 0x23, 0xdb, 0x32, 0xce, 0xee, 0xee, 0xef, 0x90,
    0x01, 0xf9, 0x00, 0xc6, 0x00, 0x00, 0x08, 0x90, 0x07, 0xfe, 0xc0, 0xcf, 0xff, 0xff, 0xff, 0x90,
    0x0d, 0xb9, 0xb9, 0xc6, 0x00, 0x00, 0x08, 0x90, 0x5d, 0x79, 0x11, 0xce, 0xdd, 0xdd, 0xde, 0x90,
    0xb6, 0x79, 0x00, 0x64, 0x25, 0xd2, 0x25, 0x50, 0x50, 0x79, 0x06, 0x77, 0x7a, 0xd7, 0x77, 0x74,
    0x00, 0x79, 0x07, 0x88, 0x8f, 0xfc, 0x88, 0x85, 0x00, 0x79, 0x00, 0x00, 0x9d, 0x3e, 0x70, 0x00,
    0x00, 0x79, 0x03, 0x8e, 0xb1, 0x02, 0xdd, 0x72, 0x00, 0x79, 0x2f, 0xb4, 0x00, 0x00, 0x06, 0xd6,
    0x00, 0x00, 0x00, 0x00, 0x00, 0x00, 0x00, 0x00, 0x00, 0x00, 0x00, 0x02, 0x20, 0x00, 0x00, 0x00,
    0x02, 0x33, 0x33, 0x3a, 0xb3, 0x33, 0x33, 0x20, 0x07, 0xbb, 0xbb, 0xbe, 0xeb, 0xbb, 0xbb, 0x70,
    0x00, 0x23, 0x33, 0x3a, 0xb3, 0x33, 0x32, 0x00, 0x00, 0x9b, 0xbb, 0xbe, 0xeb, 0xbb, 0xb9, 0x00,
    0x13, 0x33, 0x33, 0x3a, 0xb3, 0x33, 0x33, 0x31, 0x4b, 0xbb, 0xbb, 0xbb, 0xbb, 0xbb, 0xbb, 0xb4,
    0x00, 0x15, 0x55, 0x55, 0x55, 0x55, 0x52, 0x00, 0x00, 0x5e, 0xaa, 0xac, 0xaa, 0xaa, 0xe7, 0x00,
    0x00, 0x7b, 0x00, 0x0b, 0x80, 0x00, 0xc6, 0x00, 0x5a, 0xdd, 0xaa, 0xab, 0xba, 0xaa, 0xec, 0xa5,
    0x24, 0xc9, 0x44, 0x5d, 0x54, 0x44, 0xe8, 0x42, 0x00, 0xd5, 0x00, 0x0b, 0x40, 0x00, 0xe5, 0x00,
    0x00, 0xef, 0xff, 0xff, 0xff, 0xff, 0xff, 0xa0, 0x00, 0x00, 0x00, 0x00, 0x22, 0x27, 0xf1, 0x00,
    0x00, 0x00, 0x00, 0x00, 0x8f, 0xfe, 0x60, 0x00, 0x00, 0x00, 0x01, 0x20, 0x00, 0x00, 0x00, 0x00,
    0x00, 0x00, 0x07, 0xfe, 0x94, 0x00, 0x00, 0x00, 0x00, 0x00, 0x00, 0x16, 0xcf, 0x20, 0x00, 0x00,
    0x00, 0x11, 0x11, 0x11, 0x11, 0x00, 0x00, 0x00, 0x00, 0xbf, 0xff, 0xff, 0xe0, 0x00, 0x01, 0x10,
    0x00, 0x12, 0x22, 0x27, 0xf4, 0x00, 0x5f, 0x90, 0x03, 0x33, 0x32, 0x06, 0xfa, 0x1b, 0xf7, 0x00,
    0x2f, 0xff, 0xfe, 0x06, 0xee, 0xfc, 0x20, 0x00, 0x00, 0x00, 0xaa, 0x06, 0xd8, 0xd0, 0x00, 0x00,
    0x00, 0x01, 0xf4, 0x06, 0xd1, 0xe6, 0x00, 0x00, 0x00, 0x09, 0xd0, 0x06, 0xd0, 0x5f, 0x30, 0x00,
    0x00, 0x4f, 0x40, 0x06, 0xd0, 0x09, 0xf4, 0x00, 0x04, 0xf9, 0x00, 0x06, 0xd0, 0x00, 0xbf, 0x60,
    0x7f, 0xa0, 0x00, 0x06, 0xd0, 0x00, 0x09, 0xf8, 0x26, 0x00, 0x35, 0x5b, 0xb0, 0x00, 0x00, 0x61,
    0x00, 0x00, 0x6f, 0xfd, 0x30, 0x00, 0x00, 0x00, 0x00, 0x00, 0x00, 0x00, 0x02, 0x30, 0x00, 0x00,
    0x0b, 0x40, 0x00, 0x53, 0x09, 0xb0, 0x00, 0x00, 0x07, 0xf6, 0x00, 0xf5, 0x09, 0xb0, 0x00, 0x00,
    0x00, 0x6e, 0x14, 0xf8, 0x7c, 0xd7, 0x77, 0x60, 0x00, 0x00, 0x0a, 0xdb, 0xbd, 0xeb, 0xbb, 0x90,
    0x69, 0x00, 0x2f, 0x40, 0x09, 0xb0, 0x00, 0x00, 0x3e, 0xc1, 0x4b, 0x00, 0x09, 0xb0, 0x00, 0x00,
    0x01, 0xd6, 0x12, 0x22, 0x29, 0xb2, 0x22, 0x21, 0x00, 0x00, 0xef, 0xff, 0xff, 0xff, 0xff, 0xfa,
    0x00, 0x30, 0x00, 0x0d, 0x70, 0x5e, 0x00, 0x00, 0x01, 0xf3, 0x00, 0x0f, 0x50, 0x5e, 0x00, 0x00,
    0x05, 0xf0, 0x00, 0x2f, 0x30, 0x5e, 0x00, 0x10, 0x09, 0xc0, 0x00, 0x9e, 0x00, 0x5e, 0x00, 0x5c,
    0x0d, 0x80, 0x05, 0xf6, 0x00, 0x4e, 0x00, 0x7b, 0x1f, 0x40, 0x8f, 0xa0, 0x00, 0x3f, 0x98, 0xe7,
    0x3d, 0x14, 0xf7, 0x00, 0x00, 0x05, 0x88, 0x70, 0x00, 0x00, 0x00, 0x00, 0x00, 0x00, 0x00, 0x00,
    0x00, 0x00, 0x00, 0x00, 0x03, 0x40, 0x00, 0x00, 0x0c, 0x50, 0x00, 0x00, 0x09, 0xa0, 0x00, 0x00,
    0x06, 0xf8, 0x3f, 0xff, 0xff, 0xff, 0xff, 0xf8, 0x00, 0x4d, 0x10, 0x00, 0x09, 0xa0, 0x00, 0x00,
    0x00, 0x00, 0x09, 0xff, 0xff, 0xff, 0xff, 0xf1, 0x7a, 0x00, 0x00, 0x00, 0x09, 0xa0, 0x00, 0x00,
    0x2d, 0xd2, 0xae, 0xee, 0xef, 0xfe, 0xee, 0xeb, 0x01, 0xb4, 0x11, 0x11, 0x11, 0x11, 0x11, 0x11,
    0x00, 0x00, 0x09, 0xff, 0xff, 0xff, 0xff, 0x90, 0x00, 0x41, 0x09, 0x90, 0x00, 0x00, 0x09, 0xa0,
    0x00, 0xe7, 0x09, 0xfe, 0xee, 0xee, 0xef, 0xa0, 0x02, 0xf3, 0x09, 0xa1, 0x11, 0x11, 0x19, 0xa0,
    0x06, 0xf0, 0x09, 0xed, 0xdd, 0xdd, 0xde, 0xa0, 0x0b, 0xb0, 0x09, 0xa2, 0x22, 0x22, 0x29, 0xa0,
    0x0f, 0x70, 0x09, 0x90, 0x00, 0x44, 0x4d, 0x90, 0x1c, 0x30, 0x09, 0x90, 0x00, 0x9d, 0xdc, 0x20,
    0x00, 0x00, 0x00, 0x00, 0x00, 0x00, 0x00, 0x00, 0x0d, 0x50, 0x04, 0x88, 0x88, 0x88, 0x88, 0x00,
    0x06, 0xf8, 0x08, 0xd8, 0x88, 0x88, 0x9f, 0x00, 0x00, 0x5d, 0x18, 0x90, 0x00, 0x00, 0x2f, 0x00,
    0x00, 0x00, 0x08, 0xff, 0xff, 0xff, 0xff, 0x00, 0x7a, 0x10, 0x08, 0xa1, 0x11, 0x11, 0x3f, 0x00,
    0x2d, 0xd2, 0x08, 0xc7, 0x77, 0x77, 0x8f, 0x00, 0x01, 0xb5, 0x08, 0xd9, 0x99, 0x99, 0xaf, 0x00,
    0x00, 0x00, 0x02, 0x30, 0x00, 0x00, 0x04, 0x00, 0x00, 0x51, 0x1d, 0xdd, 0xdd, 0xdd, 0xdd, 0x80,
    0x00, 0xf5, 0x2f, 0x47, 0xe4, 0x9c, 0x4a, 0xa0, 0x04, 0xf1, 0x2f, 0x04, 0xe0, 0x6b, 0x09, 0xa0,
    0x07, 0xd0, 0x2f, 0x04, 0xe0, 0x6b, 0x09, 0xa0, 0x0c, 0x90, 0x2f, 0x04, 0xe0, 0x6b, 0x09, 0xa0,
    0x0f, 0x67, 0xcf, 0xbc, 0xfb, 0xde, 0xbe, 0xe8, 0x2d, 0x24, 0x66, 0x66, 0x66, 0x66, 0x66, 0x65,
    0x00, 0x00, 0x00, 0x00, 0x00, 0x00, 0x00, 0x00, 0x0c, 0x50, 0x05, 0x88, 0x88, 0x88, 0x88, 0x30,
    0x06, 0xf7, 0x0a, 0xc8, 0x88, 0x88, 0x8d, 0x70, 0x00, 0x5d, 0x1a, 0x80, 0x00, 0x00, 0x0b, 0x70,
    0x00, 0x00, 0x0a, 0xed, 0xdd, 0xdd, 0xdf, 0x70, 0x6a, 0x00, 0x0a, 0x92, 0x22, 0x22, 0x2b, 0x70,
    0x2d, 0xd2, 0x0a, 0x92, 0x22, 0x22, 0x2b, 0x70, 0x01, 0xc5, 0x0a, 0xfe, 0xee, 0xee, 0xef, 0x70,
    0x00, 0x00, 0x03, 0x33, 0x70, 0x09, 0x04, 0x20, 0x00, 0x50, 0x58, 0x05, 0xc0, 0x1f, 0x10, 0xa4,
    0x02, 0xf4, 0x2f, 0x15, 0xc0, 0x1f, 0x15, 0xf2, 0x05, 0xf0, 0x0b, 0x95, 0xc0, 0x1f, 0x2e, 0x70,
    0x09, 0xc0, 0x04, 0xc5, 0xc0, 0x1f, 0x6d, 0x00, 0x0d, 0x80, 0x00, 0x05, 0xc0, 0x1f, 0x10, 0x00,
    0x2f, 0x40, 0xab, 0xbc, 0xfb, 0xbf, 0xbb, 0xb7, 0x3d, 0x10, 0x66, 0x66, 0x66, 0x66, 0x66, 0x64,
    0x00, 0x02, 0x00, 0x00, 0x00, 0x00, 0x00, 0x00, 0x00, 0x5e, 0x00, 0x00, 0x00, 0x00, 0x00, 0x00,
    0x00, 0x5e, 0x00, 0x9f, 0xff, 0xff, 0xff, 0xfa, 0x53, 0x5e, 0x04, 0x53, 0x33, 0x3f, 0x63, 0x32,
    0xa8, 0x5e, 0x0b, 0x80, 0x00, 0x0f, 0x40, 0x00, 0x6b, 0x5d, 0x0f, 0x20, 0x00, 0x0f, 0x40, 0x00,
    0x3e, 0x6d, 0x5d, 0x00, 0x00, 0x0f, 0x40, 0x00, 0x1f, 0x8c, 0x97, 0x00, 0x00, 0x0f, 0x40, 0x00,
    0x00, 0x8c, 0x00, 0x00, 0x00, 0x0f, 0x40, 0x00, 0x00, 0x9a, 0x20, 0x00, 0x00, 0x0f, 0x40, 0x00,
    0x00, 0xdc, 0xe1, 0x00, 0x00, 0x0f, 0x40, 0x00, 0x01, 0xf3, 0xbb, 0x00, 0x00, 0x0f, 0x40, 0x00,
    0x08, 0xe0, 0x1f, 0x70, 0x00, 0x0f, 0x40, 0x00, 0x1e, 0x70, 0x06, 0xd0, 0x00, 0x0f, 0x30, 0x00,
    0x9e, 0x00, 0x00, 0x04, 0x98, 0xbf, 0x20, 0x00, 0x34, 0x00, 0x00, 0x04, 0xcc, 0xb6, 0x00, 0x00,
    0x00, 0x11, 0x00, 0x00, 0x04, 0x00, 0x00, 0x00, 0x00, 0x89, 0x00, 0x00, 0x1f, 0x20, 0x00, 0x00,
    0x00, 0x89, 0x00, 0xaa, 0xcf, 0xaa, 0xaa, 0x60, 0x00, 0x89, 0x01, 0xf7, 0x55, 0x55, 0x5b, 0x90,
    0xb5, 0x89, 0x5d, 0xf8, 0x66, 0x66, 0x6c, 0x90, 0x7a, 0x89, 0xa7, 0xfb, 0x99, 0x99, 0x9d, 0x90,
    0x3e, 0x99, 0xf1, 0xf4, 0x11, 0x11, 0x1a, 0x90, 0x09, 0xa9, 0x60, 0xfe, 0xee, 0xee, 0xef, 0x90,
    0x00, 0xa8, 0x00, 0xf3, 0x00, 0x00, 0x09, 0x90, 0x00, 0xbe, 0x10, 0xfd, 0xdd, 0xdd, 0xde, 0x90,
    0x00, 0xed, 0xa0, 0xb4, 0x28, 0x42, 0x28, 0x60, 0x01, 0xf2, 0xf8, 0x5a, 0x39, 0xa0, 0x08, 0x50,
    0x07, 0xc0, 0x3b, 0x7d, 0x41, 0xf2, 0x67, 0xe0, 0x0d, 0x60, 0x2f, 0x1d, 0x40, 0x10, 0xe4, 0xc8,
    0x8e, 0x00, 0x89, 0x0b, 0xa4, 0x48, 0xf0, 0x32, 0x55, 0x00, 0x00, 0x02, 0xbc, 0xcb, 0x40, 0x00,
    0x00, 0x00, 0x20, 0x00, 0x00, 0x00, 0x00, 0x00, 0x08, 0x50, 0xf2, 0x00, 0x12, 0x34, 0x67, 0xa1,
    0x0a, 0x70, 0xf2, 0x0d, 0xff, 0xed, 0xba, 0x82, 0x0a, 0x70, 0xf2, 0x0d, 0x40, 0x00, 0x00, 0x00,
    0x0a, 0x70, 0xf2, 0x0d, 0x40, 0x00, 0x00, 0x00, 0x0a, 0xb8, 0xf9, 0x3d, 0x97, 0x77, 0x77, 0x60,
    0x0a, 0xb7, 0x77, 0x3d, 0xbf, 0xa9, 0x9b, 0xd0, 0x0a, 0x70, 0x00, 0x0d, 0x4d, 0x40, 0x08, 0xa0,
    0x0a, 0x70, 0x00, 0x0d, 0x4a, 0x70, 0x0c, 0x60, 0x0a, 0xfe, 0xf4, 0x0d, 0x35, 0xc0, 0x1f, 0x10,
    0x0b, 0x60, 0xd4, 0x0e, 0x20, 0xf3, 0x8a, 0x00, 0x0c, 0x50, 0xd4, 0x0f, 0x10, 0x9c, 0xf2, 0x00,
    0x0e, 0x30, 0xd4, 0x5d, 0x00, 0x2f, 0xb0, 0x00, 0x2f, 0x00, 0xd4, 0xb8, 0x04, 0xea, 0xe9, 0x00,
    0x7b, 0x00, 0xd7, 0xf4, 0xaf, 0x70, 0x2e, 0xe5, 0x65, 0x00, 0xb6, 0x93, 0xd3, 0x00, 0x00, 0x93,
    0x00, 0x00, 0x00, 0x00, 0x00, 0x00, 0x00, 0x00, 0x00, 0x01, 0x40, 0x00, 0x01, 0x30, 0x00, 0x00,
    0x00, 0x04, 0xf0, 0x00, 0x07, 0xc0, 0x60, 0x00, 0x00, 0x04, 0xf0, 0x00, 0x07, 0xc1, 0xdd, 0x10,
    0x29, 0x04, 0xf0, 0x00, 0x07, 0xc0, 0x1c, 0x90, 0x1f, 0x44, 0xf0, 0x00, 0x08, 0xc0, 0x00, 0x00,
    0x0a, 0xb4, 0xf5, 0xcc, 0xce, 0xfc, 0xcc, 0xc5, 0x03, 0xf5, 0xf2, 0x66, 0x6c, 0xe6, 0x66, 0x62,
    0x00, 0x24, 0xf0, 0x00, 0x0c, 0xf2, 0x00, 0x00, 0x00, 0x07, 0xf0, 0x00, 0x0e, 0xf6, 0x00, 0x00,
    0x00, 0x9f, 0xf0, 0x00, 0x3f, 0x8c, 0x00, 0x00, 0x2c, 0xe7, 0xf0, 0x00, 0x9c, 0x1f, 0x40, 0x00,
    0x8c, 0x14, 0xf0, 0x01, 0xf5, 0x09, 0xc0, 0x00, 0x00, 0x04, 0xf0, 0x0b, 0xd0, 0x01, 0xf8, 0x00,
    0x00, 0x04, 0xf0, 0x7f, 0x30, 0x00, 0x6f, 0x70, 0x00, 0x04, 0xf7, 0xf6, 0x00, 0x00, 0x09, 0xf7,
    0x00, 0x04, 0xf8, 0x60, 0x00, 0x00, 0x00, 0x71, 0x00, 0x00, 0x10, 0x00, 0x00, 0x00, 0x00, 0x00,
    0x00, 0x00, 0x00, 0x24, 0x44, 0x44, 0x44, 0x40, 0x6b, 0xbb, 0xbb, 0x6e, 0xee, 0xfe, 0xee, 0xe1,
    0x36, 0x9e, 0x65, 0x00, 0x06, 0xe0, 0x00, 0x00, 0x00, 0x6d, 0x00, 0x00, 0x0b, 0x80, 0x00, 0x00,
    0x00, 0x6d, 0x00, 0x00, 0x1f, 0x30, 0x00, 0x00, 0x5b, 0xdf, 0xba, 0x00, 0x8f, 0x90, 0x00, 0x00,
    0x26, 0x9e, 0x65, 0x00, 0xea, 0xe9, 0xb0, 0x00, 0x00, 0x6d, 0x00, 0x07, 0xd5, 0xe1, 0xf7, 0x00,
    0x00, 0x6d, 0x00, 0x1f, 0x55, 0xe0, 0x6f, 0x20, 0x00, 0x6e, 0x68, 0xac, 0x05, 0xe0, 0x0b, 0xd0,
    0x4a, 0xef, 0xba, 0xf2, 0x05, 0xe0, 0x02, 0xf8, 0x9a, 0x50, 0x0e, 0x60, 0x05, 0xe0, 0x00, 0x52,
    0x00, 0x00, 0x01, 0x00, 0x05, 0xe0, 0x00, 0x00, 0x00, 0x00, 0x00, 0x00, 0x05, 0xe0, 0x00, 0x00,
    0x00, 0x00, 0x00, 0x00, 0x05, 0xe0, 0x00, 0x00, 0x00, 0x00, 0x00, 0x00, 0x00, 0x00, 0x00, 0x00,
    0x01, 0x99, 0x99, 0x99, 0x99, 0x99, 0x99, 0x10, 0x02, 0xf7, 0x77, 0x7c, 0xc7, 0x77, 0x7f, 0x20,
    0x02, 0xf1, 0x00, 0x09, 0x90, 0x00, 0x0f, 0x20, 0x02, 0xfa, 0xaa, 0xad, 0xda, 0xaa, 0xaf, 0x20,
    0x02, 0xf6, 0x66, 0x6c, 0xc6, 0x66, 0x6f, 0x20, 0x02, 0xf1, 0x00, 0x09, 0x90, 0x00, 0x0f, 0x20,
    0x02, 0xfb, 0xbb, 0xbe, 0xeb, 0xbb, 0xbf, 0x20, 0x01, 0xe5, 0x58, 0xf9, 0x8f, 0x75, 0x5e, 0x20,
    0x00, 0x00, 0x8e, 0x60, 0x05, 0xe7, 0x00, 0x00, 0x01, 0x7e, 0xe9, 0x00, 0x00, 0x8f, 0xe8, 0x30,
    0x6f, 0xd4, 0x6d, 0x00, 0x00, 0xc7, 0x5c, 0xf8, 0x14, 0x00, 0x9a, 0x00, 0x00, 0xc7, 0x00, 0x20,
    0x00, 0x03, 0xf5, 0x00, 0x00, 0xc7, 0x00, 0x00, 0x00, 0x7f, 0xa0, 0x00, 0x00, 0xc7, 0x00, 0x00,
    0x05, 0xe6, 0x00, 0x00, 0x00, 0xc7, 0x00, 0x00, 0x00, 0x00, 0x00, 0x00, 0x00, 0x00, 0x00, 0x00,
    0x00, 0x00, 0x00, 0x00, 0x30, 0x00, 0x00, 0x00, 0x00, 0x00, 0x00, 0x2f, 0x30, 0x00, 0x00, 0xcc,
    0xcc, 0xc6, 0x09, 0xfa, 0xaa, 0xa7, 0x0f, 0x4d, 0x7a, 0x82, 0xf9, 0x66, 0x6d, 0x90, 0xf1, 0xc4,
    0x88, 0xbe, 0xb0, 0x04, 0xf1, 0x0f, 0x1c, 0x48, 0xbe, 0x1d, 0x62, 0xe6, 0x00, 0xf1, 0xc4, 0x88,
    0x10, 0x3f, 0xe9, 0x00, 0x0f, 0x9e, 0xbc, 0x80, 0x06, 0xff, 0xa2, 0x00, 0xf8, 0xd9, 0xc8, 0x4c,
    0xe5, 0x2b, 0xfb, 0x5f, 0x1c, 0x48, 0xbf, 0x91, 0x00, 0x04, 0xb7, 0xf1, 0xc4, 0x88, 0x0f, 0xff,
    0xff, 0xf6, 0x0f, 0x1c, 0x48, 0x80, 0xf4, 0x22, 0x2c, 0x60, 0xf5, 0xd7, 0xa8, 0x0f, 0x20, 0x00,
    0xc6, 0x0f, 0xcc, 0xce, 0x80, 0xf2, 0x00, 0x0c, 0x60, 0xd0, 0x00, 0x44, 0x0f, 0xcb, 0xbb, 0xe6,
    0x00, 0x00, 0x00, 0x00, 0xf7, 0x66, 0x6d, 0x60, 0x00, 0x00, 0x00, 0x02, 0x00, 0x00, 0x10, 0x00,
    0x00, 0x00, 0x00, 0x00, 0x23, 0x00, 0x00, 0x00, 0x00, 0x00, 0x00, 0x00, 0xd6, 0x00, 0x00, 0x00,
    0x5c, 0xcc, 0xcc, 0x28, 0xfd, 0xdd, 0xd7, 0x00, 0x14, 0x9c, 0x44, 0x4f, 0x43, 0x34, 0xf5, 0x00,
    0x00, 0xb6, 0x02, 0xe9, 0x22, 0x2c, 0xa2, 0x20, 0x00, 0xf2, 0x08, 0xbf, 0xee, 0xff, 0xee, 0xf2,
    0x05, 0xf7, 0x73, 0x2f, 0x00, 0xa7, 0x00, 0xf2, 0x0c, 0xf8, 0xc8, 0x1f, 0x00, 0xa7, 0x00, 0xf2,
    0x4f, 0xe0, 0x88, 0x1f, 0xff, 0xff, 0xff, 0xf2, 0xca, 0xe0, 0x88, 0x1f, 0x00, 0xa7, 0x00, 0xf2,
    0x33, 0xe0, 0x88, 0x2f, 0x00, 0xa7, 0x00, 0xf2, 0x02, 0xe0, 0x88, 0x4f, 0xdd, 0xfe, 0xdd, 0xf2,
    0x02, 0xe5, 0xb8, 0x7b, 0x22, 0xb8, 0x22, 0xf2, 0x02, 0xfa, 0xa5, 0xc6, 0x00, 0xa7, 0x00, 0xf2,
    0x02, 0xc0, 0x04, 0xf1, 0x00, 0xa7, 0x45, 0xf1, 0x00, 0x00, 0x08, 0x80, 0x00, 0x64, 0xad, 0x80,
    0x00, 0x00, 0x00, 0x00, 0x00, 0x00, 0x00, 0x00, 0x00, 0x00, 0x00, 0x00, 0x10, 0x00, 0x02, 0x00,
    0x00, 0x00, 0x00, 0x08, 0xc0, 0x00, 0x4f, 0x20, 0x6c, 0xcc, 0xcc, 0x00, 0xca, 0x00, 0xd8, 0x00,
    0x24, 0x9c, 0x47, 0x88, 0xaa, 0x8a, 0xf8, 0x86, 0x00, 0xb7, 0x03, 0x8b, 0xd8, 0x88, 0xf8, 0x86,
    0x00, 0xf2, 0x00, 0x0b, 0x60, 0x05, 0xc0, 0x00, 0x05, 0xd1, 0x10, 0x2e, 0x05, 0x0c, 0x53, 0x50,
    0x0c, 0xfe, 0xf5, 0x97, 0x3f, 0x3d, 0x0b, 0x70, 0x3f, 0xc0, 0xc9, 0xf7, 0xb8, 0xc9, 0x5f, 0x10,
    0xbc, 0xc0, 0xc8, 0xbb, 0xf1, 0xcc, 0xea, 0x00, 0x45, 0xc0, 0xc5, 0x08, 0x90, 0x00, 0xd3, 0x00,
    0x04, 0xc0, 0xc5, 0x1e, 0x21, 0x05, 0xb1, 0x00, 0x04, 0xc0, 0xc5, 0x7a, 0x79, 0x0c, 0x49, 0x70,
    0x04, 0xff, 0xf6, 0xe2, 0x4f, 0x7f, 0x8b, 0xd0, 0x04, 0xc0, 0x06, 0xfe, 0xce, 0x99, 0x64, 0xd4,
    0x00, 0x00, 0x00, 0x00, 0x04, 0x30, 0x00, 0x88, 0x00, 0x00, 0x00, 0x00, 0x00, 0x00, 0x00, 0x00,
    0x04, 0x77, 0x78, 0x88, 0x9a, 0xab, 0xcd, 0x30, 0x04, 0x99, 0x88, 0x8c, 0xc6, 0x55, 0x43, 0x10,
    0x00, 0x00, 0x00, 0x09, 0x90, 0x00, 0x00, 0x00, 0x2c, 0xcc, 0xcc, 0xce, 0xec, 0xcc, 0xcc, 0xc3,
    0x04, 0x44, 0x47, 0xfe, 0xef, 0x64, 0x44, 0x41, 0x00, 0x01, 0x8e, 0x59, 0x96, 0xe8, 0x10, 0x00,
    0x02, 0x8f, 0xb2, 0x09, 0x90, 0x2b, 0xfa, 0x51, 0x7f, 0xc8, 0x44, 0x46, 0x64, 0x42, 0x3a, 0xf7,
    0x12, 0x2c, 0xcf, 0xdc, 0xcc, 0xfb, 0x00, 0x00, 0x00, 0x00, 0x0f, 0x30, 0x02, 0xf3, 0x00, 0x00,
    0x00, 0x00, 0x4f, 0x00, 0x09, 0xfe, 0xed, 0x00, 0x00, 0x00, 0xca, 0x00, 0x01, 0x22, 0x6e, 0x00,
    0x00, 0x0a, 0xf2, 0x00, 0x00, 0x00, 0x6d, 0x00, 0x04, 0xcf, 0x40, 0x00, 0x08, 0x78, 0xe9, 0x00,
    0x1e, 0xb2, 0x00, 0x00, 0x0a, 0xbb, 0x80, 0x00, 0x00, 0x00, 0x00, 0x00, 0x00, 0x00, 0x00, 0x00,
    0x00, 0x00, 0x00, 0x00, 0x00, 0x32, 0x00, 0x00, 0x02, 0x34, 0x68, 0x10, 0x00, 0xb7, 0x00, 0x00,
    0x6f, 0xff, 0xca, 0x20, 0x00, 0xb7, 0x00, 0x00, 0x00, 0x3f, 0x00, 0x02, 0x22, 0xc8, 0x22, 0x20,
    0x00, 0x3f, 0x00, 0x4f, 0xee, 0xff, 0xee, 0xf0, 0x68, 0xaf, 0x88, 0x5e, 0x00, 0xb7, 0x01, 0xf0,
    0x69, 0xbf, 0x99, 0x5e, 0x00, 0xb7, 0x01, 0xf0, 0x00, 0xaf, 0x00, 0x4e, 0x00, 0xb7, 0x01, 0xf0,
    0x01, 0xff, 0xb2, 0x4e, 0x00, 0xb7, 0x01, 0xf0, 0x07, 0xef, 0x9d, 0x5e, 0x77, 0xdb, 0x78, 0xf0,
    0x0e, 0x7f, 0x0b, 0x7f, 0x99, 0xec, 0x9a, 0xf0, 0x9c, 0x3f, 0x00, 0x15, 0x00, 0xb7, 0x00, 0x50,
    0x73, 0x3f, 0x00, 0x00, 0x00, 0xb7, 0x00, 0x00, 0x00, 0x3f, 0x00, 0x00, 0x00, 0xb7, 0x00, 0x00,
    0x00, 0x3f, 0x00, 0x00, 0x00, 0xb7, 0x00, 0x00, 0x00, 0x3f, 0x00, 0x00, 0x00, 0xb7, 0x00, 0x00,
    0x00, 0x01, 0x00, 0x00, 0x00, 0x10, 0x00, 0x00, 0x00, 0x00, 0x00, 0x03, 0x00, 0x00, 0x00, 0x00,
    0x00, 0x00, 0x00, 0x0e, 0x80, 0x00, 0x00, 0x00, 0x05, 0x55, 0x55, 0x5a, 0xe5, 0x55, 0x55, 0x50,
    0x1f, 0xed, 0xdd, 0xdd, 0xdd, 0xdd, 0xde, 0xf1, 0x1f, 0x30, 0x01, 0x00, 0x00, 0x10, 0x03, 0xf1,
    0x0b, 0x20, 0x4e, 0x90, 0x08, 0xe6, 0x02, 0xb1, 0x00, 0x08, 0xf8, 0x00, 0x00, 0x6f, 0xc2, 0x00,
    0x05, 0xee, 0x40, 0x00, 0x00, 0x01, 0xbf, 0x70, 0x7f, 0xb4, 0x33, 0x33, 0x33, 0x33, 0x39, 0xf6,
    0x02, 0x8f, 0xff, 0xff, 0xff, 0xff, 0xf8, 0x20, 0x00, 0x00, 0x00, 0x0a, 0xa0, 0x00, 0x00, 0x00,
    0x00, 0x00, 0x00, 0x0a, 0xa0, 0x00, 0x00, 0x00, 0x00, 0x00, 0x00, 0x0a, 0xa0, 0x00, 0x00, 0x00,
    0x00, 0x00, 0x00, 0x0a, 0xa0, 0x00, 0x00, 0x00, 0x2e, 0xee, 0xee, 0xef, 0xfe, 0xee, 0xee, 0xe2,
    0x04, 0x44, 0x44, 0x44, 0x44, 0x44, 0x44, 0x40, 0x00, 0x05, 0x20, 0x00, 0x01, 0x61, 0x00, 0x00,
    0x00, 0x4f, 0x20, 0x00, 0x08, 0xd0, 0x00, 0x00, 0x00, 0xef, 0xee, 0xee, 0x6f, 0xfe, 0xee, 0xe8,
    0x0c, 0xb2, 0xa1, 0x11, 0xda, 0x29, 0x11, 0x10, 0x9c, 0x00, 0xaa, 0x06, 0xa0, 0x0c, 0x80, 0x00,
    0x13, 0x55, 0x57, 0x5c, 0xa5, 0x56, 0x65, 0x30, 0x06, 0xbb, 0xbb, 0xbe, 0xdb, 0xbb, 0xbb, 0x60,
    0x00, 0x00, 0x00, 0x0b, 0x80, 0x00, 0x00, 0x00, 0x8c, 0xcc, 0xcc, 0xce, 0xec, 0xcc, 0xcc, 0xc8,
    0x34, 0x44, 0x44, 0x44, 0x44, 0x7a, 0x44, 0x43, 0x03, 0x33, 0x33, 0x33, 0x33, 0x7d, 0x33, 0x30,
    0x2d, 0xdd, 0xdd, 0xdd, 0xdd, 0xef, 0xdd, 0xd2, 0x00, 0x00, 0xc3, 0x00, 0x00, 0x6d, 0x00, 0x00,
    0x00, 0x00, 0x7f, 0x40, 0x00, 0x6d, 0x00, 0x00, 0x00, 0x00, 0x06, 0x34, 0x55, 0xbc, 0x00, 0x00,
    0x00, 0x00, 0x00, 0x09, 0xee, 0xc3, 0x00, 0x00, 0x00, 0x04, 0x00, 0x00, 0x00, 0x00, 0x00, 0x00,
    0x00, 0x0f, 0x20, 0x01, 0x44, 0x44, 0x44, 0x20, 0x86, 0x0f, 0x23, 0xc4, 0xfd, 0xdd, 0xdf, 0x70,
    0x4d, 0x0f, 0x2a, 0x84, 0xe0, 0x00, 0x0b, 0x70, 0x0e, 0x4f, 0x5e, 0x14, 0xe0, 0x00, 0x0b, 0x70,
    0x04, 0x1f, 0x44, 0x04, 0xe1, 0x11, 0x1b, 0x70, 0x68, 0x8f, 0x98, 0x84, 0xff, 0xff, 0xff, 0x70,
    0x68, 0xaf, 0x98, 0x84, 0xe0, 0x00, 0x0b, 0x70, 0x00, 0x8f, 0x20, 0x04, 0xe0, 0x00, 0x0b, 0x70,
    0x00, 0xef, 0xd5, 0x04, 0xe0, 0x00, 0x0b, 0x70, 0x08, 0x8f, 0x5e, 0x74, 0xff, 0xff, 0xff, 0x70,
    0x2f, 0x1f, 0x22, 0x74, 0xe2, 0x22, 0x2b, 0x70, 0xa7, 0x0f, 0x20, 0x04, 0xe0, 0x00, 0x0b, 0x70,
    0x40, 0x0f, 0x20, 0x04, 0xe0, 0x00, 0x0b, 0x70, 0x00, 0x0f, 0x22, 0xbc, 0xfb, 0xbb, 0xbe, 0xd9,
    0x00, 0x0f, 0x21, 0x66, 0x66, 0x66, 0x66, 0x64, 0x00, 0x00, 0x00, 0x00, 0x00, 0x00, 0x00, 0x00,
    0x00, 0x13, 0x00, 0x00, 0x00, 0x31, 0x00, 0x00, 0x00, 0x4c, 0x00, 0x00, 0x00, 0xb6, 0x00, 0x00,
    0x78, 0x4c, 0x0e, 0x8e, 0xee, 0xff, 0xee, 0xe7, 0x3d, 0x4c, 0x5b, 0x01, 0x11, 0xc7, 0x11, 0x10,
    0x0e, 0x6c, 0xb5, 0x1e, 0xee, 0xfe, 0xee, 0xe0, 0x03, 0x5c, 0x40, 0x01, 0x11, 0xc7, 0x11, 0x10,
    0x69, 0xbe, 0x97, 0xad, 0xdd, 0xfe, 0xdd, 0xd9, 0x46, 0xbd, 0x65, 0x22, 0x22, 0x22, 0x22, 0x21,
    0x00, 0xdc, 0x00, 0x0e, 0xee, 0xee, 0xee, 0xb0, 0x03, 0xfe, 0xd1, 0x1f, 0x22, 0x22, 0x26, 0xc0,
    0x0b, 0x9c, 0x7d, 0x2f, 0xcc, 0xcc, 0xcd, 0xc0, 0x4d, 0x4c, 0x08, 0x3f, 0x33, 0x33, 0x37, 0xc0,
    0xb5, 0x4c, 0x00, 0x1f, 0xbb, 0xbb, 0xbc, 0xc0, 0x40, 0x4c, 0x00, 0x1f, 0x44, 0x44, 0x47, 0xc0,
    0x00, 0x4c, 0x00, 0x1f, 0x10, 0x23, 0x29, 0xc0, 0x00, 0x4c, 0x00, 0x1f, 0x10, 0x8f, 0xfd, 0x40,
    0x00, 0x01, 0x00, 0x01, 0x00, 0x00, 0x00, 0x00, 0x00, 0x01, 0x22, 0x34, 0x56, 0x89, 0xac, 0x60,
    0x0b, 0xff, 0xfe, 0xef, 0xba, 0x98, 0x65, 0x20, 0x00, 0x00, 0x03, 0xdc, 0x10, 0x00, 0x30, 0x00,
    0x00, 0x00, 0x8e, 0x60, 0x00, 0x1a, 0xf3, 0x00, 0x01, 0x6e, 0xa3, 0x23, 0x46, 0xec, 0x20, 0x00,
    0x04, 0xff, 0xfe, 0xdd, 0xfe, 0x60, 0x00, 0x00, 0x00, 0x31, 0x01, 0x8f, 0x91, 0x39, 0x00, 0x00,
    0x00, 0x00, 0x7e, 0xa2, 0x00, 0x1d, 0xc1, 0x00, 0x03, 0xaf, 0xe8, 0x67, 0x88, 0x9b, 0xfd, 0x20,
    0x04, 0xfd, 0xcb, 0xac, 0xe8, 0x76, 0x5b, 0xe1, 0x00, 0x01, 0x40, 0x06, 0xc0, 0x14, 0x00, 0x50,
    0x00, 0x2d, 0xc0, 0x06, 0xc0, 0x5f, 0x90, 0x00, 0x04, 0xea, 0x00, 0x06, 0xc0, 0x03, 0xdd, 0x20,
    0x7f, 0x70, 0x16, 0x5c, 0xb0, 0x00, 0x1b, 0xf2, 0x34, 0x00, 0x2d, 0xdc, 0x30, 0x00, 0x00, 0x50,
    0x00, 0x02, 0x00, 0x00, 0x00, 0x00, 0x00, 0x00, 0x00, 0x1f, 0x41, 0x55, 0x55, 0x55, 0x52, 0x00,
    0x00, 0x9b, 0x03, 0xcf, 0xdc, 0xcc, 0xf8, 0x00, 0x03, 0xf2, 0x23, 0x0e, 0x40, 0x02, 0xf2, 0x00,
    0x0c, 0x70, 0xba, 0x0e, 0x40, 0x0a, 0xb0, 0x00, 0x8f, 0x79, 0xe1, 0x0e, 0x80, 0x1f, 0x40, 0x00,
    0x49, 0x8f, 0x50, 0x0f, 0xd0, 0x4f, 0xff, 0x90, 0x00, 0xa9, 0x00, 0x0f, 0xf3, 0x01, 0x1e, 0x60,
    0x06, 0xd0, 0x01, 0x1f, 0x8a, 0x00, 0x4f, 0x10, 0x2f, 0xee, 0xf8, 0x3f, 0x1f, 0x30, 0xba, 0x00,
    0x07, 0x42, 0x00, 0x7c, 0x08, 0xd6, 0xf1, 0x00, 0x00, 0x00, 0x31, 0xc7, 0x00, 0xdf, 0x70, 0x00,
    0x26, 0xae, 0xe7, 0xf2, 0x01, 0xdf, 0xa0, 0x00, 0x8c, 0x73, 0x0b, 0xa0, 0x2e, 0xc5, 0xfc, 0x10,
    0x00, 0x00, 0x7f, 0x27, 0xfc, 0x10, 0x3e, 0xf6, 0x00, 0x00, 0x96, 0x1d, 0x70, 0x00, 0x01, 0xa3,
    0x00, 0x00, 0x00, 0x00, 0x00, 0x00, 0x00, 0x00, 0x00, 0x03, 0x00, 0x00, 0x00, 0x00, 0x00, 0x00,
    0x00, 0x2f, 0x30, 0x00, 0x00, 0x00, 0x00, 0x00, 0x00, 0xaa, 0x00, 0xef, 0xff, 0xff, 0xff, 0xf0,
    0x02, 0xf2, 0x00, 0xe7, 0x33, 0xf5, 0x35, 0xf0, 0x0b, 0x90, 0x97, 0xe5, 0x00, 0xf2, 0x03, 0xf0,
    0x5e, 0x12, 0xf3, 0xe5, 0x00, 0xf2, 0x03, 0xf0, 0xaf, 0xff, 0x90, 0xe5, 0x00, 0xf2, 0x03, 0xf0,
    0x11, 0x6e, 0x10, 0xe9, 0x56, 0xf7, 0x57, 0xf0, 0x01, 0xe4, 0x00, 0xed, 0xcc, 0xfc, 0xcc, 0xf0,
    0x0b, 0xa2, 0x43, 0xe5, 0x00, 0xf2, 0x03, 0xf0, 0x5f, 0xff, 0xe4, 0xe5, 0x00, 0xf2, 0x03, 0xf0,
    0x15, 0x30, 0x00, 0xe5, 0x00, 0xf2, 0x03, 0xf0, 0x00, 0x00, 0x12, 0xe5, 0x00, 0xf2, 0x03, 0xf0,
    0x37, 0xbe, 0xf7, 0xeb, 0x99, 0xfa, 0x9a, 0xf0, 0x9c, 0x84, 0x10, 0xeb, 0x99, 0x99, 0x9a, 0xf0,
    0x00, 0x00, 0x00, 0xc4, 0x00, 0x00, 0x02, 0xe0, 0x00, 0x02, 0x00, 0x00, 0x01, 0x20, 0x00, 0x00,
    0x00, 0x2f, 0x30, 0x00, 0x09, 0xd0, 0x00, 0x00, 0x00, 0x9b, 0x02, 0x33, 0x34, 0xf6, 0x33, 0x31,
    0x01, 0xf2, 0x0a, 0xee, 0xee, 0xee, 0xee, 0xe7, 0x0a, 0x90, 0x73, 0x00, 0xcb, 0x00, 0x00, 0x00,
    0x4e, 0x13, 0xf3, 0x07, 0xe2, 0x01, 0xd3, 0x00, 0xaf, 0xef, 0x90, 0x3f, 0x40, 0x00, 0x9d, 0x00,
    0x23, 0x7e, 0x14, 0xfd, 0x99, 0xaa, 0xcf, 0x80, 0x01, 0xe5, 0x04, 0xcb, 0xf8, 0x9f, 0x68, 0xf3,
    0x0a, 0xa0, 0x21, 0x03, 0xf0, 0x2f, 0x00, 0x50, 0x5f, 0xef, 0xf4, 0x05, 0xd0, 0x2f, 0x00, 0x00,
    0x16, 0x41, 0x00, 0x08, 0xb0, 0x2f, 0x00, 0x00, 0x00, 0x04, 0x75, 0x0d, 0x70, 0x2f, 0x00, 0x8a,
    0x7d, 0xfe, 0xa4, 0x8e, 0x10, 0x2f, 0x00, 0x9a, 0x56, 0x20, 0x1a, 0xf4, 0x00, 0x1f, 0x86, 0xe7,
    0x00, 0x00, 0xac, 0x30, 0x00, 0x06, 0xbc, 0xa1, 0x00, 0x00, 0x00, 0x00, 0x00, 0x00, 0x00, 0x00,
    0x00, 0x00, 0x00, 0x00, 0x05, 0x00, 0x00, 0x00, 0x00, 0x5e, 0x00, 0x00, 0x2f, 0x00, 0x00, 0x00,
    0x00, 0xd7, 0x00, 0x23, 0x5f, 0x33, 0x17, 0xa0, 0x05, 0xe0, 0x11, 0x8c, 0xcf, 0xcc, 0x9f, 0x30,
    0x0d, 0x40, 0x9b, 0x00, 0x2f, 0x01, 0xe6, 0x00, 0x8d, 0x46, 0xf3, 0x11, 0x3f, 0x2c, 0xa1, 0x10,
    0x7c, 0xbf, 0x76, 0xee, 0xee, 0xfe, 0xee, 0xe5, 0x00, 0x6c, 0x00, 0x00, 0x2d, 0x90, 0x00, 0x00,
    0x02, 0xe2, 0x00, 0x04, 0xec, 0x55, 0x55, 0x00, 0x1d, 0x96, 0x83, 0x9f, 0xdb, 0xbb, 0xbf, 0x20,
    0x6f, 0xdb, 0x9e, 0xbd, 0x60, 0x00, 0x0f, 0x20, 0x00, 0x00, 0x02, 0x0c, 0xb9, 0x99, 0x9f, 0x20,
    0x00, 0x00, 0x34, 0x0c, 0xa7, 0x77, 0x7f, 0x20, 0x4a, 0xdf, 0xf9, 0x0c, 0x60, 0x00, 0x0f, 0x20,
    0x49, 0x62, 0x00, 0x0c, 0xdc, 0xcc, 0xcf, 0x20, 0x00, 0x00, 0x00, 0x0c, 0x83, 0x33, 0x3f, 0x20,
    0x00, 0x00, 0x00, 0x00, 0x00, 0x00, 0x00, 0x00, 0x00, 0x00, 0x00, 0x00, 0x01, 0x20, 0x00, 0x00,
    0x00, 0x7d, 0x00, 0x00, 0x0b, 0xc0, 0x00, 0x00, 0x00, 0xe6, 0x07, 0xbb, 0xbd, 0xfc, 0xbb, 0xa0,
    0x05, 0xe0, 0x0b, 0x84, 0x44, 0x44, 0x46, 0xe0, 0x0d, 0x53, 0x7b, 0x60, 0x00, 0x00, 0x02, 0xe0,
    0x7c, 0x0b, 0x9b, 0xff, 0xff, 0xff, 0xff, 0xe0, 0xaf, 0xff, 0x1b, 0x61, 0x11, 0x11, 0x12, 0x80,
    0x00, 0xb7, 0x0b, 0x65, 0x55, 0x55, 0x55, 0x50, 0x05, 0xd0, 0x0c, 0x7f, 0xae, 0xbc, 0xda, 0xf2,
    0x1e, 0x63, 0x3c, 0x6d, 0x0b, 0x35, 0x90, 0xe2, 0x6f, 0xec, 0x7e, 0x4d, 0x0b, 0x35, 0x90, 0xe2,
    0x00, 0x00, 0x1f, 0x2f, 0xff, 0xff, 0xff, 0xf2, 0x01, 0x35, 0xac, 0x2d, 0x0b, 0x35, 0x90, 0xe2,
    0xaf, 0xda, 0xe7, 0x2d, 0x0b, 0x35, 0x90, 0xe2, 0x21, 0x04, 0xf1, 0x2d, 0x0b, 0x35, 0xa1, 0xf1,
    0x00, 0x06, 0x70, 0x2d, 0x02, 0x00, 0x9f, 0xb0, 0x00, 0x00, 0x00, 0x00, 0x00, 0x00, 0x00, 0x00,
    0x46, 0x66, 0x66, 0x66, 0x66, 0x66, 0x64, 0xad, 0xbb, 0xbb, 0xbb, 0xbb, 0xbb, 0xea, 0xa8, 0x00,
    0x00, 0x00, 0x00, 0x00, 0x8a, 0xa8, 0x50, 0x05, 0x70, 0x00, 0x27, 0x8a, 0xa8, 0xe4, 0x0c, 0x7a,
    0x10, 0x8a, 0x8a, 0xa8, 0x5d, 0x3f, 0x09, 0xa0, 0xe2, 0x8a, 0xa8, 0x0c, 0xe9, 0x01, 0xfa, 0xb0,
    0x8a, 0xa8, 0x04, 0xf3, 0x00, 0x7f, 0x40, 0x8a, 0xa8, 0x09, 0xfa, 0x00, 0x8f, 0x60, 0x8a, 0xa8,
    0x3f, 0x3f, 0x32, 0xf8, 0xe0, 0x8a, 0xa8, 0xc7, 0x08, 0xab, 0x80, 0xc8, 0x8a, 0xac, 0xd0, 0x00,
    0x5e, 0x00, 0x4c, 0x8a, 0xa8, 0x00, 0x00, 0x02, 0x00, 0x00, 0x8a, 0xa8, 0x00, 0x00, 0x00, 0x04,
    0x55, 0xd9, 0x97, 0x00, 0x00, 0x00, 0x07, 0xdd, 0xb2, 0x03, 0x99, 0x99, 0x99, 0x99, 0x99, 0x99,
    0x30, 0x06, 0xc4, 0x49, 0xa4, 0x4a, 0x94, 0x4c, 0x60, 0x06, 0xc5, 0x5a, 0xb5, 0x5b, 0x95, 0x5c,
    0x60, 0x05, 0xc8, 0x88, 0x8b, 0xa8, 0x88, 0x8c, 0x50, 0x26, 0x66, 0x66, 0x6c, 0xb6, 0x66, 0x66,
    0x62, 0x27, 0x77, 0x77, 0x7c, 0xb7, 0x77, 0x77, 0x72, 0x00, 0x38, 0x88, 0x8d, 0xc8, 0x88, 0x84,
    0x00, 0x00, 0x7c, 0x55, 0x55, 0x55, 0x55, 0xa9, 0x00, 0x00, 0x7e, 0xbb, 0xbb, 0xbb, 0xbb, 0xd9,
    0x00, 0x00, 0x7b, 0x11, 0x11, 0x11, 0x11, 0x99, 0x00, 0x00, 0x7e, 0xdd, 0xdd, 0xdd, 0xdd, 0xe9,
    0x00, 0x00, 0x7b, 0x11, 0x11, 0x11, 0x11, 0x99, 0x00, 0x00, 0x7e, 0xbb, 0xbb, 0xbb, 0xbb, 0xd9,
    0x00, 0x34, 0x9c, 0x44, 0x44, 0x44, 0x44, 0xab, 0x43, 0x7a, 0xaa, 0xaa, 0xaa, 0xaa, 0xaa, 0xaa,
    0xa7, 0x00, 0x04, 0x20, 0x00, 0x04, 0x10, 0x00, 0x00, 0x00, 0x2f, 0x40, 0x00, 0x0f, 0x40, 0x01,
    0x60, 0x00, 0xc8, 0x06, 0x70, 0x0f, 0x42, 0x9f, 0xc0, 0x0a, 0xb0, 0x03, 0xf3, 0x0f, 0xcf, 0xa3,
    0x00, 0x8f, 0x99, 0xab, 0xfd, 0x0f, 0xa2, 0x00, 0xa7, 0x4a, 0x97, 0x65, 0x4e, 0x6f, 0x40, 0x00,
    0xc7, 0x04, 0x55, 0x55, 0x54, 0x0d, 0xa5, 0x57, 0xf4, 0x0d, 0xca, 0xaa, 0xe8, 0x03, 0xab, 0xbb,
    0x60, 0x0d, 0x60, 0x00, 0xb8, 0x0a, 0x20, 0x00, 0x10, 0x0d, 0xed, 0xdd, 0xf8, 0x0f, 0x30, 0x18,
    0xf5, 0x0d, 0x71, 0x11, 0xb8, 0x0f, 0x69, 0xfd, 0x50, 0x0d, 0x96, 0x66, 0xd8, 0x0f, 0xfb, 0x40,
    0x10, 0x0d, 0xb9, 0x99, 0xe8, 0x0f, 0x40, 0x00, 0xa8, 0x0d, 0x60, 0x00, 0xb8, 0x0f, 0x40, 0x00,
    0xc7, 0x0d, 0x60, 0x55, 0xe6, 0x0d, 0xb6, 0x68, 0xf4, 0x0c, 0x50, 0xbc, 0xa1, 0x03, 0x9a, 0xaa,
    0x60, 0x00, 0x00, 0x01, 0x10, 0x00, 0x00, 0x00, 0x00, 0x00, 0x08, 0xd0, 0x00, 0x00, 0x00, 0x02,
    0x22, 0x2e, 0x82, 0x22, 0x22, 0x20, 0x1f, 0xff, 0xff, 0xff, 0xff, 0xff, 0xf1, 0x1f, 0x30, 0x00,
    0x00, 0x00, 0x03, 0xf1, 0x1f, 0x30, 0x00, 0x00, 0x00, 0x03, 0xf1, 0x1f, 0x87, 0x77, 0x77, 0x77,
    0x78, 0xf1, 0x1f, 0xba, 0xaa, 0xaa, 0xaa, 0xab, 0xf1, 0x1f, 0x30, 0x00, 0x00, 0x00, 0x03, 0xf1,
    0x1f, 0x30, 0x00, 0x00, 0x00, 0x03, 0xf1, 0x1f, 0xcc, 0xcc, 0xcc, 0xcc, 0xcc, 0xf1, 0x1f, 0x75,
    0x55, 0x55, 0x55, 0x57, 0xf1, 0x1f, 0x30, 0x00, 0x00, 0x00, 0x03, 0xf1, 0x1f, 0x30, 0x00, 0x00,
    0x00, 0x03, 0xf1, 0x1f, 0xff, 0xff, 0xff, 0xff, 0xff, 0xf1, 0x1f, 0x42, 0x22, 0x22, 0x22, 0x24,
    0xf1, 0x01, 0x00, 0x00, 0x00, 0x00, 0x00, 0x10, 0x00, 0x00, 0x00, 0x40, 0x00, 0x00, 0x00, 0x00,
    0x00, 0x00, 0x1f, 0x60, 0x00, 0x00, 0x00, 0x06, 0x77, 0x77, 0xcb, 0x77, 0x77, 0x40, 0x00, 0xfc,
    0xbb, 0xbb, 0xbb, 0xbb, 0xda, 0x00, 0x0f, 0x40, 0x00, 0x00, 0x00, 0x08, 0xa0, 0x00, 0xfa, 0x88,
    0x88, 0x88, 0x88, 0xca, 0x00, 0x0f, 0xa8, 0x88, 0x88, 0x88, 0x8c, 0xa0, 0x00, 0xf4, 0x00, 0x00,
    0x00, 0x00, 0x8a, 0x00, 0x0f, 0xca, 0xaa, 0xaa, 0xaa, 0xad, 0xa0, 0x00, 0xf9, 0x77, 0xcc, 0x77,
    0x77, 0xa9, 0x10, 0x0f, 0x40, 0x03, 0xf2, 0x00, 0x06, 0xea, 0x00, 0xf4, 0x00, 0x09, 0xd1, 0x5d,
    0xe7, 0x00, 0x0f, 0x40, 0x00, 0x0c, 0xfe, 0x70, 0x00, 0x00, 0xf4, 0x04, 0x96, 0x0a, 0xf9, 0x20,
    0x00, 0x2f, 0xdf, 0xfb, 0x40, 0x05, 0xdf, 0xc8, 0x45, 0xf9, 0x40, 0x00, 0x00, 0x00, 0x4a, 0xe4,
    0x01, 0x00, 0x00, 0x00, 0x00, 0x00, 0x00, 0x00, 0x00, 0x00, 0x13, 0x00, 0x00, 0x31, 0x00, 0x00,
    0x00, 0x00, 0x5e, 0x00, 0x00, 0xe5, 0x00, 0x00, 0x23, 0x33, 0x7e, 0x33, 0x33, 0xf7, 0x33, 0x32,
    0xaf, 0xff, 0xff, 0xff, 0xff, 0xff, 0xff, 0xf9, 0x00, 0x00, 0x5e, 0x00, 0x00, 0xe5, 0x00, 0x00,
    0x00, 0x00, 0x39, 0x00, 0x00, 0xa3, 0x00, 0x00, 0x04, 0x55, 0x55, 0x55, 0x55, 0x55, 0x55, 0x00,
    0x0b, 0xdd, 0xdf, 0xed, 0xdd, 0xdd, 0xdf, 0x00, 0x00, 0x00, 0x0e, 0x60, 0x00, 0x00, 0x5e, 0x00,
    0x00, 0x00, 0x0e, 0x60, 0x00, 0x00, 0x6d, 0x00, 0x00, 0x00, 0x0e, 0x60, 0x00, 0x00, 0x7c, 0x00,
    0x00, 0x00, 0x0e, 0x60, 0x00, 0x00, 0x9b, 0x00, 0x00, 0x00, 0x0e, 0x60, 0x45, 0x46, 0xf7, 0x00,
    0x00, 0x00, 0x0e, 0x60, 0x7f, 0xfe, 0xa0, 0x00, 0x00, 0x00, 0x0e, 0x60, 0x00, 0x00, 0x00, 0x00,
    0x00, 0x00, 0x0e, 0x60, 0x00, 0x00, 0x00, 0x00, 0x00, 0x00, 0x01, 0x00, 0x00, 0x00, 0x00, 0x00,
    0x00, 0x00, 0x20, 0x00, 0x00, 0x00, 0x00, 0x00, 0x00, 0x05, 0xf3, 0x02, 0x22, 0x22, 0x22, 0x20,
    0x00, 0x1e, 0x80, 0x3f, 0xff, 0xff, 0xff, 0xe0, 0x01, 0xdc, 0x00, 0x00, 0x00, 0x00, 0x00, 0x00,
    0x2e, 0xc1, 0x31, 0x00, 0x00, 0x00, 0x00, 0x00, 0x7b, 0x00, 0xe7, 0x00, 0x00, 0x00, 0x00, 0x00,
    0x00, 0x09, 0xd1, 0x77, 0x77, 0x77, 0x77, 0x75, 0x00, 0x5f, 0x31, 0xbb, 0xbb, 0xbe, 0xeb, 0xb9,
    0x03, 0xff, 0x00, 0x00, 0x00, 0x09, 0xc0, 0x00, 0x3e, 0xcf, 0x00, 0x00, 0x00, 0x09, 0xc0, 0x00,
    0x89, 0x4f, 0x00, 0x00, 0x00, 0x09, 0xc0, 0x00, 0x10, 0x4f, 0x00, 0x00, 0x00, 0x09, 0xc0, 0x00,
    0x00, 0x4f, 0x00, 0x00, 0x00, 0x09, 0xc0, 0x00, 0x00, 0x4f, 0x00, 0x00, 0x00, 0x09, 0xc0, 0x00,
    0x00, 0x4f, 0x00, 0x00, 0x98, 0x8f, 0xa0, 0x00, 0x00, 0x4f, 0x00, 0x00, 0xbc, 0xca, 0x20, 0x00,
    0x00, 0x00, 0x00, 0x00, 0x00, 0x00, 0x00, 0x00, 0x00, 0x00, 0x00, 0x02, 0x00, 0x00, 0x00, 0x00,
    0x00, 0x00, 0x00, 0x0d, 0xa0, 0x00, 0x00, 0x00, 0x00, 0x00, 0x00, 0x04, 0xf3, 0x00, 0x00, 0x00,
    0x28, 0x88, 0x88, 0x88, 0xb8, 0x88, 0x88, 0x85, 0x3a, 0xaa, 0xaa, 0xaf, 0xda, 0xaa, 0xaa, 0xa6,
    0x00, 0x00, 0x00, 0x8f, 0xb0, 0x00, 0x00, 0x00, 0x00, 0x00, 0x03, 0xf8, 0xf1, 0x00, 0x06, 0x40,
    0x00, 0x00, 0x3f, 0xa0, 0xc7, 0x00, 0x8f, 0x80, 0x00, 0x03, 0xeb, 0x00, 0x6e, 0x1a, 0xf6, 0x00,
    0x00, 0x6f, 0xf7, 0x00, 0x0d, 0xee, 0x30, 0x00, 0x2c, 0xf8, 0xc7, 0x00, 0x04, 0xf5, 0x00, 0x00,
    0x9e, 0x40, 0xc7, 0x00, 0x00, 0xae, 0x30, 0x00, 0x00, 0x00, 0xc7, 0x00, 0x00, 0x0b, 0xf4, 0x00,
    0x00, 0x00, 0xc7, 0x17, 0xd5, 0x00, 0xbf, 0x91, 0x00, 0x00, 0xee, 0xfe, 0x91, 0x00, 0x06, 0xf7,
    0x00, 0x00, 0xeb, 0x50, 0x00, 0x00, 0x00, 0x20, 0x00, 0x00, 0x00, 0x00, 0x00, 0x00, 0x00, 0x00,
    0x00, 0x00, 0x00, 0x00, 0x01, 0x10, 0x00, 0x00, 0x01, 0xc2, 0x00, 0x00, 0x08, 0xb0, 0x00, 0x00,
    0x00, 0xbe, 0x20, 0x00, 0x08, 0xb0, 0x00, 0x00, 0x00, 0x0c, 0xd0, 0x00, 0x08, 0xb0, 0x00, 0x00,
    0x00, 0x01, 0x50, 0x00, 0x09, 0xb0, 0x00, 0x00, 0x22, 0x21, 0x00, 0x00, 0x09, 0xc0, 0x00, 0x00,
    0xbf, 0xf8, 0x00, 0x00, 0x0a, 0xf0, 0x00, 0x00, 0x00, 0xb8, 0x00, 0x00, 0x0d, 0xf2, 0x00, 0x00,
    0x00, 0xb8, 0x00, 0x00, 0x0f, 0xd7, 0x00, 0x00, 0x00, 0xb8, 0x00, 0x00, 0x5e, 0x5c, 0x00, 0x00,
    0x00, 0xb8, 0x06, 0x60, 0xb9, 0x1f, 0x30, 0x00, 0x00, 0xb8, 0x9e, 0x33, 0xf2, 0x09, 0xc0, 0x00,
    0x00, 0xbf, 0xd2, 0x0d, 0xa0, 0x01, 0xf7, 0x00, 0x00, 0xfb, 0x00, 0xbd, 0x00, 0x00, 0x6f, 0x60,
    0x00, 0x40, 0x1b, 0xe2, 0x00, 0x00, 0x09, 0xf8, 0x00, 0x00, 0x2c, 0x20, 0x00, 0x00, 0x00, 0x71,
    0x00, 0x00, 0x00, 0x00, 0x00, 0x00, 0x00, 0x00, 0x01, 0x90, 0x00, 0x08, 0x88, 0x88, 0x83, 0x00,
    0x01, 0xeb, 0x00, 0x0f, 0xb9, 0x99, 0xf5, 0x00, 0x00, 0x2f, 0x70, 0x0f, 0x20, 0x00, 0xd5, 0x00,
    0x00, 0x03, 0x00, 0x5f, 0x00, 0x00, 0xd6, 0x00, 0x01, 0x10, 0x02, 0xe9, 0x00, 0x00, 0xbe, 0xa7,
    0xaf, 0xf8, 0x1e, 0xb0, 0x00, 0x00, 0x27, 0x85, 0x00, 0xa8, 0x04, 0x66, 0x66, 0x66, 0x66, 0x00,
    0x00, 0xa8, 0x04, 0xde, 0xbb, 0xbb, 0xdf, 0x10, 0x00, 0xa8, 0x00, 0x3e, 0x10, 0x00, 0xca, 0x00,
    0x00, 0xa8, 0x00, 0x0c, 0x90, 0x05, 0xf2, 0x00, 0x00, 0xa8, 0x03, 0x02, 0xf6, 0x4f, 0x60, 0x00,
    0x00, 0xaa, 0xca, 0x00, 0x5f, 0xf8, 0x00, 0x00, 0x00, 0xef, 0xa1, 0x04, 0xcf, 0xec, 0x40, 0x00,
    0x00, 0xc5, 0x27, 0xdf, 0x91, 0x19, 0xfd, 0x94, 0x00, 0x00, 0xde, 0x81, 0x00, 0x00, 0x28, 0xe5,
    0x00, 0x00, 0x00, 0x00, 0x00, 0x00, 0x00, 0x00, 0x07, 0x70, 0x05, 0x88, 0x88, 0x88, 0x88, 0x60,
    0x05, 0xf6, 0x04, 0xbf, 0x88, 0x88, 0x8f, 0xa0, 0x00, 0x7f, 0x30, 0x0d, 0x70, 0x00, 0x9e, 0x10,
    0x00, 0x04, 0x00, 0x03, 0xe8, 0x1b, 0xd2, 0x00, 0x00, 0x00, 0x00, 0x00, 0x4f, 0xfd, 0x10, 0x00,
    0xae, 0xe4, 0x14, 0x8c, 0xfa, 0x8e, 0xea, 0x73, 0x34, 0xe5, 0x4f, 0xb6, 0x13, 0x70, 0x49, 0xc6,
    0x00, 0xe5, 0x00, 0x00, 0x06, 0xd0, 0x00, 0x00, 0x00, 0xe5, 0x02, 0xff, 0xff, 0xff, 0xff, 0xf0,
    0x00, 0xe5, 0x00, 0x11, 0x17, 0xd1, 0x11, 0x10, 0x00, 0xe5, 0x00, 0x00, 0x06, 0xd0, 0x00, 0x00,
    0x00, 0xe5, 0x1d, 0xff, 0xff, 0xff, 0xff, 0xfb, 0x00, 0xeb, 0xd1, 0x11, 0x16, 0xd1, 0x11, 0x10,
    0x03, 0xfd, 0x30, 0x00, 0x06, 0xd0, 0x00, 0x00, 0x00, 0x80, 0x00, 0x00, 0x06, 0xd0, 0x00, 0x00,
    0x00, 0x00, 0x00, 0x00, 0x00, 0x10, 0x00, 0x00, 0x06, 0xa0, 0x03, 0x55, 0x55, 0x55, 0x55, 0x50,
    0x2e, 0x90, 0xad, 0xbb, 0xbb, 0xbb, 0xcf, 0x00, 0x3f, 0x3a, 0x80, 0x05, 0xa0, 0x02, 0xf0, 0x00,
    0x10, 0xa8, 0x36, 0xad, 0x66, 0x2f, 0x45, 0x50, 0x0a, 0x85, 0x9b, 0xe9, 0x82, 0xf8, 0xbf, 0x10,
    0xa8, 0x00, 0x6b, 0x00, 0x2f, 0x00, 0xf1, 0x0a, 0x8f, 0xff, 0xff, 0xf8, 0xf0, 0x0f, 0x10, 0xa8,
    0x00, 0x00, 0x00, 0x2f, 0x00, 0xf1, 0x0a, 0x73, 0xbb, 0xbb, 0x52, 0xf0, 0x0f, 0x14, 0xb6, 0x4d,
    0x44, 0xb7, 0x2f, 0x01, 0xfa, 0xee, 0x44, 0xc0, 0x09, 0x72, 0xf0, 0x5f, 0xc4, 0xf0, 0x4f, 0xbb,
    0xe7, 0x2f, 0x02, 0x90, 0x9b, 0x04, 0xd4, 0x44, 0x22, 0xf0, 0x00, 0x4f, 0x30, 0x00, 0x01, 0x43,
    0x8f, 0x00, 0x07, 0x80, 0x00, 0x00, 0x2e, 0xee, 0x70, 0x00, 0x00, 0x00, 0x00, 0x00, 0x00, 0x00,
    0x00, 0x04, 0x00, 0x00, 0x00, 0x22, 0x00, 0x00, 0x00, 0x2f, 0x20, 0x00, 0x00, 0xd5, 0x00, 0x00,
    0x00, 0x6d, 0x00, 0x00, 0x01, 0xf2, 0x00, 0x00, 0x8e, 0xff, 0xee, 0xe5, 0xde, 0xfd, 0xdd, 0xd2,
    0x13, 0xf5, 0x33, 0x31, 0x3a, 0xb3, 0x33, 0x30, 0x05, 0xd3, 0xc0, 0x00, 0x0c, 0x60, 0x00, 0x00,
    0x0b, 0x73, 0xe0, 0x0b, 0xbf, 0xcb, 0xbb, 0xb8, 0x2f, 0x23, 0xe0, 0x05, 0x9e, 0x55, 0x55, 0x53,
    0x6f, 0xcd, 0xfc, 0xc0, 0xa9, 0x00, 0x00, 0x00, 0x24, 0x47, 0xf4, 0x40, 0xdc, 0xaa, 0xaa, 0xa0,
    0x00, 0x03, 0xe0, 0x00, 0x66, 0x66, 0x6d, 0xe0, 0x02, 0x48, 0xfa, 0xd4, 0x20, 0x00, 0x6f, 0x20,
    0xbf, 0xed, 0xf7, 0x41, 0xec, 0x24, 0xf4, 0x00, 0x10, 0x03, 0xe0, 0x00, 0x1b, 0xff, 0x60, 0x00,
    0x00, 0x03, 0xe0, 0x00, 0x00, 0x6f, 0xc2, 0x00, 0x00, 0x03, 0xe0, 0x00, 0x00, 0x01, 0xc9, 0x00,
    0x00, 0x00, 0x10, 0x00, 0x00, 0x00, 0x00, 0x00, 0x00, 0x04, 0x00, 0x00, 0x00, 0x20, 0x00, 0x00,
    0x00, 0x3f, 0x00, 0x00, 0x03, 0xf3, 0x00, 0x00, 0x00, 0x7b, 0x00, 0x00, 0x00, 0x9b, 0x00, 0x00,
    0x8e, 0xff, 0xee, 0x6e, 0xee, 0xff, 0xee, 0xe8, 0x13, 0xf3, 0x22, 0x12, 0x34, 0x22, 0x42, 0x21,
    0x06, 0xb6, 0xb0, 0x00, 0x9c, 0x01, 0xf5, 0x00, 0x0b, 0x66, 0xb0, 0x04, 0xf3, 0x00, 0x5f, 0x40,
    0x1f, 0x16, 0xb0, 0x1e, 0x70, 0x00, 0x16, 0xf4, 0x5e, 0x9c, 0xd9, 0x7a, 0xa4, 0x00, 0x9a, 0x62,
    0x26, 0x6a, 0xd6, 0x10, 0x8b, 0x00, 0xf4, 0x00, 0x00, 0x06, 0xb0, 0x00, 0x2f, 0x48, 0xd0, 0x00,
    0x01, 0x39, 0xd8, 0x70, 0x08, 0xef, 0x40, 0x00, 0xbf, 0xed, 0xd7, 0x30, 0x03, 0xfe, 0x10, 0x00,
    0x10, 0x06, 0xb0, 0x00, 0x6f, 0xac, 0xe5, 0x00, 0x00, 0x06, 0xb0, 0x6d, 0xf7, 0x00, 0x9f, 0xd6,
    0x00, 0x06, 0xb1, 0xd9, 0x10, 0x00, 0x02, 0xa2, 0x00, 0x00, 0x10, 0x00, 0x00, 0x00, 0x00, 0x00,
    0x00, 0x00, 0x00, 0x00, 0x22, 0x00, 0x00, 0x00, 0x0b, 0x80, 0x00, 0x00, 0xb9, 0x00, 0x00, 0x00,
    0x04, 0xf4, 0x00, 0x00, 0xc8, 0x00, 0x00, 0x00, 0x00, 0x9d, 0x06, 0x77, 0xdb, 0x77, 0x77, 0x50,
    0x00, 0x01, 0x0a, 0xcc, 0xfd, 0xcc, 0xce, 0xc0, 0x00, 0x00, 0x00, 0x00, 0xe6, 0x00, 0x08, 0xb0,
    0x9d, 0xd7, 0x00, 0x00, 0xf5, 0x00, 0x09, 0xa0, 0x34, 0xc9, 0x00, 0x03, 0xf2, 0x00, 0x0a, 0xa0,
    0x00, 0xa9, 0x00, 0x09, 0xe0, 0x00, 0x0b, 0x90, 0x00, 0xa9, 0x00, 0x1e, 0x80, 0x00, 0x0c, 0x80,
    0x00, 0xa9, 0x00, 0xbe, 0x10, 0x00, 0x0e, 0x60, 0x00, 0xa9, 0x0a, 0xf5, 0x03, 0x44, 0x8f, 0x30,
    0x00, 0xb9, 0x8f, 0x50, 0x08, 0xff, 0xf8, 0x00, 0x0a, 0xef, 0x62, 0x00, 0x00, 0x00, 0x00, 0x00,
    0x9e, 0x25, 0xee, 0xb9, 0x99, 0x99, 0x9a, 0xa7, 0x33, 0x00, 0x05, 0x78, 0x99, 0x99, 0x98, 0x83,
    0x00, 0x00, 0x00, 0x00, 0x00, 0x00, 0x00, 0x00, 0x0b, 0x80, 0x00, 0x66, 0x66, 0x66, 0x66, 0x30,
    0x03, 0xf5, 0x02, 0xdd, 0xdd, 0xdd, 0xdd, 0x70, 0x00, 0x8f, 0x10, 0x00, 0x00, 0x00, 0x00, 0x00,
    0x00, 0x05, 0x00, 0x00, 0x00, 0x00, 0x00, 0x00, 0x00, 0x00, 0x15, 0x55, 0x55, 0x55, 0x55, 0x52,
    0x9d, 0xd7, 0x2d, 0xdd, 0xfe, 0xdd, 0xdd, 0xd6, 0x34, 0xc9, 0x00, 0x03, 0xf3, 0x00, 0x00, 0x00,
    0x00, 0xa9, 0x00, 0x0b, 0xa0, 0x0d, 0x30, 0x00, 0x00, 0xa9, 0x00, 0x5f, 0x10, 0x08, 0xe1, 0x00,
    0x00, 0xa9, 0x01, 0xe7, 0x00, 0x01, 0xda, 0x00, 0x00, 0xa9, 0x0c, 0xfd, 0xef, 0xff, 0xff, 0x50,
    0x00, 0xb9, 0x06, 0x75, 0x42, 0x10, 0x09, 0x80, 0x0a, 0xef, 0x50, 0x00, 0x00, 0x00, 0x00, 0x00,
    0x9e, 0x25, 0xfe, 0xaa, 0x99, 0x98, 0x9a, 0xa7, 0x33, 0x00, 0x15, 0x78, 0x88, 0x88, 0x88, 0x83,
    0x00, 0x00, 0x00, 0x00, 0x00, 0x00, 0x00, 0x00, 0x08, 0x80, 0x00, 0x34, 0x55, 0x68, 0xab, 0xc0,
    0x04, 0xf4, 0x02, 0xfd, 0xcc, 0xba, 0x97, 0x61, 0x00, 0x9e, 0x12, 0xf0, 0x00, 0x00, 0x00, 0x00,
    0x00, 0x07, 0x02, 0xf0, 0x00, 0x00, 0x00, 0x00, 0x00, 0x00, 0x02, 0xfe, 0xee, 0xee, 0xee, 0x80,
    0x8c, 0xc4, 0x02, 0xf3, 0x22, 0x22, 0x2e, 0x70, 0x46, 0xe6, 0x03, 0xf5, 0xb1, 0x00, 0x5f, 0x00,
    0x00, 0xd6, 0x05, 0xd1, 0xbd, 0x31, 0xe7, 0x00, 0x00, 0xd6, 0x09, 0xa0, 0x08, 0xfd, 0xb0, 0x00,
    0x00, 0xd6, 0x0e, 0x50, 0x02, 0xef, 0xa0, 0x00, 0x00, 0xd6, 0x7e, 0x00, 0x6f, 0xa4, 0xec, 0x10,
    0x00, 0xd6, 0xb5, 0x5d, 0xe6, 0x00, 0x2d, 0xe1, 0x0a, 0xfd, 0x20, 0x78, 0x10, 0x00, 0x01, 0x60,
    0x9e, 0x2a, 0xfa, 0x88, 0x77, 0x77, 0x88, 0x85, 0x53, 0x00, 0x37, 0x99, 0x9a, 0xaa, 0xaa, 0xa4,
    0x00, 0x00, 0x00, 0x03, 0x10, 0x02, 0x20, 0x00, 0x0a, 0x60, 0x00, 0x0e, 0x50, 0x09, 0xb0, 0x00,
    0x05, 0xf3, 0x00, 0x0e, 0x50, 0x09, 0xb0, 0x00, 0x00, 0xad, 0x06, 0x7f, 0xa7, 0x7c, 0xd7, 0x70,
    0x00, 0x16, 0x08, 0xaf, 0xca, 0xad, 0xea, 0xa0, 0x00, 0x00, 0x00, 0x0e, 0x50, 0x09, 0xb0, 0x00,
    0x8c, 0xc4, 0x00, 0x0e, 0x50, 0x09, 0xb0, 0x00, 0x46, 0xe6, 0x00, 0x0e, 0x50, 0x09, 0xb0, 0x00,
    0x00, 0xd6, 0x9f, 0xff, 0xff, 0xff, 0xff, 0xf9, 0x00, 0xd6, 0x01, 0x3f, 0x31, 0x19, 0xb1, 0x10,
    0x00, 0xd6, 0x00, 0x7e, 0x00, 0x09, 0xb0, 0x00, 0x00, 0xd6, 0x01, 0xe7, 0x00, 0x09, 0xb0, 0x00,
    0x00, 0xd6, 0x1d, 0xd0, 0x00, 0x09, 0xb0, 0x00, 0x0a, 0xfd, 0x29, 0x10, 0x00, 0x07, 0x90, 0x00,
    0x9e, 0x2a, 0xfa, 0x87, 0x77, 0x77, 0x78, 0x85, 0x53, 0x00, 0x37, 0x99, 0xaa, 0xaa, 0xaa, 0xa4,
    0x00, 0x00, 0x00, 0x00, 0x41, 0x00, 0x00, 0x00, 0x08, 0x80, 0x00, 0x01, 0xf4, 0x00, 0x00, 0x00,
    0x04, 0xf4, 0x16, 0x6a, 0xf6, 0x66, 0x66, 0x61, 0x00, 0x9e, 0x2b, 0xbf, 0xcb, 0xbb, 0xbb, 0xb2,
    0x00, 0x04, 0x00, 0x5f, 0x00, 0x70, 0x00, 0x00, 0x00, 0x00, 0x00, 0xd8, 0x02, 0xf2, 0x00, 0x00,
    0x7c, 0xc4, 0x05, 0xf1, 0x02, 0xf2, 0x00, 0x00, 0x36, 0xe6, 0x0a, 0xfc, 0xcc, 0xfc, 0xcc, 0xc1,
    0x00, 0xd6, 0x03, 0x55, 0x56, 0xf6, 0x55, 0x50, 0x00, 0xd6, 0x00, 0x00, 0x02, 0xf2, 0x00, 0x00,
    0x00, 0xd6, 0x27, 0x77, 0x78, 0xf8, 0x77, 0x74, 0x00, 0xd6, 0x39, 0x99, 0x9a, 0xfa, 0x99, 0x95,
    0x00, 0xd6, 0x00, 0x00, 0x02, 0xf2, 0x00, 0x00, 0x09, 0xfc, 0x10, 0x00, 0x02, 0xf2, 0x00, 0x00,
    0x8e, 0x3a, 0xfa, 0x76, 0x66, 0x97, 0x77, 0x75, 0x43, 0x00, 0x48, 0xab, 0xbb, 0xbb, 0xbb, 0xb4,
    0x00, 0x00, 0x00, 0x00, 0x02, 0x30, 0x00, 0x00, 0x08, 0x80, 0x00, 0x46, 0x07, 0xc0, 0x00, 0x00,
    0x04, 0xf4, 0x00, 0xb9, 0x07, 0xc0, 0x00, 0x00, 0x00, 0x9e, 0x10, 0xfb, 0x9c, 0xe9, 0x99, 0x70,
    0x00, 0x07, 0x06, 0xe8, 0x8b, 0xe8, 0x88, 0x60, 0x00, 0x00, 0x0d, 0x70, 0x07, 0xc0, 0x00, 0x00,
    0x8c, 0xc4, 0x05, 0x10, 0x07, 0xc0, 0x00, 0x00, 0x46, 0xe6, 0x8e, 0xee, 0xef, 0xfe, 0xee, 0xe8,
    0x00, 0xd6, 0x13, 0x3a, 0xa3, 0x6e, 0x33, 0x31, 0x00, 0xd6, 0x00, 0x0a, 0x80, 0x4e, 0x00, 0x10,
    0x00, 0xd6, 0x00, 0x0e, 0x60, 0x4e, 0x00, 0xb7, 0x00, 0xd6, 0x00, 0x9e, 0x00, 0x4f, 0x00, 0xd5,
    0x00, 0xd6, 0x2c, 0xf3, 0x00, 0x1f, 0xbb, 0xf1, 0x0a, 0xfd, 0x29, 0x20, 0x00, 0x03, 0x66, 0x20,
    0x9e, 0x2a, 0xfa, 0x87, 0x77, 0x77, 0x88, 0x85, 0x53, 0x00, 0x38, 0xab, 0xbb, 0xbb, 0xba, 0xa4,
    0x25, 0x55, 0x55, 0x55, 0x44, 0x77, 0x77, 0x60, 0x5b, 0xbf, 0xbf, 0xcb, 0x87, 0xaa, 0xab, 0xd0,
    0x00, 0x0e, 0x1d, 0x20, 0x00, 0x00, 0x04, 0xd0, 0x04, 0x4e, 0x5d, 0x64, 0x10, 0x00, 0x04, 0xd0,
    0x0f, 0xcf, 0xcf, 0xce, 0x70, 0x00, 0x04, 0xd0, 0x0f, 0x0e, 0x1d, 0x29, 0x72, 0x44, 0x47, 0xd0,
    0x0f, 0x0f, 0x0d, 0x29, 0x76, 0xfc, 0xcd, 0xd0, 0x0f, 0x5c, 0x0c, 0x9c, 0x76, 0xb0, 0x01, 0x50,
    0x0f, 0xd6, 0x03, 0x8d, 0x76, 0xb0, 0x00, 0x00, 0x0f, 0x30, 0x00, 0x09, 0x76, 0xb0, 0x00, 0x00,
    0x0f, 0xff, 0xff, 0xff, 0x76, 0xb0, 0x00, 0x67, 0x0f, 0x00, 0x00, 0x09, 0x76, 0xb0, 0x00, 0x89,
    0x0f, 0x11, 0x11, 0x1a, 0x76, 0xc0, 0x00, 0xb7, 0x0f, 0xee, 0xee, 0xef, 0x73, 0xf9, 0x8a, 0xf3,
    0x0f, 0x00, 0x00, 0x08, 0x60, 0x59, 0x98, 0x40, 0x04, 0x77, 0x78, 0x88, 0x9a, 0xab, 0xcd, 0x30,
    0x04, 0x99, 0x88, 0x8c, 0xc6, 0x55, 0x43, 0x10, 0x24, 0x44, 0x44, 0x4b, 0xb4, 0x44, 0x44, 0x43,
    0x6a, 0xaa, 0xaa, 0xad, 0xda, 0xaa, 0xaa, 0xa7, 0x00, 0x23, 0x33, 0x3a, 0xa3, 0x33, 0x32, 0x00,
    0x00, 0xec, 0xbb, 0xbd, 0xdb, 0xbb, 0xce, 0x00, 0x00, 0xe3, 0x00, 0x09, 0x90, 0x00, 0x2e, 0x00,
    0x00, 0xed, 0xdd, 0xde, 0xed, 0xdd, 0xde, 0x00, 0x00, 0xe3, 0x00, 0x09, 0x90, 0x00, 0x2e, 0x00,
    0x00, 0xed, 0xcc, 0xce, 0xec, 0xcc, 0xde, 0x00, 0x00, 0x93, 0x11, 0x19, 0x91, 0x11, 0x39, 0x00,
    0x04, 0x99, 0x99, 0x9d, 0xd9, 0x99, 0x99, 0x40, 0x02, 0x55, 0x55, 0x5b, 0xb5, 0x55, 0x55, 0x20,
    0x57, 0x77, 0x77, 0x7c, 0xc7, 0x77, 0x77, 0x75, 0x57, 0x77, 0x77, 0x77, 0x77, 0x77, 0x77, 0x75,
    0x00, 0x21, 0x00, 0x00, 0x00, 0x31, 0x00, 0x00, 0x0b, 0x90, 0x00, 0x00, 0x0c, 0x60, 0x00, 0x02,
    0xf2, 0x00, 0x00, 0x00, 0xc6, 0x00, 0x00, 0x9f, 0xff, 0xe1, 0x33, 0x3d, 0x83, 0x33, 0x2f, 0x32,
    0x21, 0x5f, 0xdd, 0xfe, 0xde, 0xfb, 0xb3, 0x33, 0x25, 0xd0, 0x0c, 0x60, 0x2f, 0x48, 0xef, 0xd8,
    0x5d, 0x00, 0xc6, 0x02, 0xf0, 0x08, 0xa0, 0x05, 0xd0, 0x0c, 0x60, 0x2f, 0x00, 0x8a, 0x00, 0x5d,
    0x00, 0xc6, 0x02, 0xfa, 0xff, 0xff, 0xf5, 0xe9, 0x9e, 0xb9, 0xaf, 0x00, 0x8a, 0x00, 0x5e, 0x88,
    0xeb, 0x89, 0xf0, 0x08, 0xa0, 0x01, 0x30, 0x0c, 0x60, 0x04, 0x00, 0x8a, 0x02, 0x00, 0x00, 0xc6,
    0x00, 0x00, 0x08, 0xcb, 0xc0, 0x00, 0x0c, 0x60, 0x00, 0x00, 0xdf, 0x91, 0x00, 0x00, 0xc6, 0x00,
    0x00, 0x04, 0x30, 0x00, 0x00, 0x0c, 0x60, 0x00, 0x00, 0x00, 0x00, 0x00, 0x00, 0x00, 0x00, 0x00,
    0x00, 0x10, 0x00, 0x00, 0x00, 0x00, 0x00, 0x00, 0x00, 0xb9, 0x00, 0x34, 0x44, 0x44, 0x44, 0x30,
    0x01, 0xf2, 0x00, 0xad, 0xef, 0xdd, 0xde, 0xb0, 0x09, 0xfe, 0xec, 0x00, 0x8b, 0x00, 0x07, 0xb0,
    0x2f, 0x43, 0x32, 0x00, 0x8a, 0x00, 0x08, 0xa0, 0xa8, 0x00, 0x00, 0x00, 0x99, 0x00, 0x09, 0xa0,
    0x2a, 0xff, 0xf8, 0x00, 0xa8, 0x00, 0x09, 0x90, 0x00, 0x99, 0x10, 0x45, 0xcb, 0x55, 0x5c, 0x90,
    0x00, 0x89, 0x00, 0x9c, 0xfd, 0xcc, 0xce, 0x80, 0xaf, 0xff, 0xff, 0x00, 0xc6, 0x00, 0x0b, 0x70,
    0x01, 0x9a, 0x11, 0x00, 0xc6, 0x00, 0x0b, 0x70, 0x00, 0x89, 0x00, 0x00, 0xd5, 0x00, 0x0c, 0x60,
    0x00, 0x89, 0x17, 0x00, 0xe4, 0x00, 0x0d, 0x60, 0x00, 0x9d, 0xeb, 0x00, 0xe4, 0x00, 0x0d, 0x50,
    0x00, 0xdd, 0x54, 0xaa, 0xfb, 0xaa, 0xaf, 0xc6, 0x00, 0x20, 0x03, 0x88, 0x88, 0x88, 0x88, 0x85,
    0x00, 0x03, 0x20, 0x00, 0x00, 0x00, 0x00, 0x00, 0x00, 0x0d, 0x70, 0x00, 0x00, 0x00, 0x82, 0x00,
    0x00, 0x0d, 0x70, 0x00, 0x00, 0x3d, 0xe4, 0x00, 0x00, 0x0d, 0x70, 0x00, 0x2a, 0xfa, 0x10, 0x00,
    0x00, 0x0d, 0x70, 0x3a, 0xfc, 0x40, 0x00, 0x00, 0x00, 0x0d, 0x76, 0xfb, 0x40, 0x00, 0x00, 0x00,
    0x00, 0x0d, 0x70, 0x20, 0x00, 0x00, 0x00, 0x00, 0x8e, 0xef, 0xfe, 0xee, 0xee, 0xee, 0xee, 0xe7,
    0x24, 0x4e, 0x94, 0x4a, 0xe4, 0x44, 0x44, 0x42, 0x00, 0x0d, 0x70, 0x01, 0xf5, 0x00, 0x00, 0x00,
    0x00, 0x0d, 0x70, 0x00, 0x8e, 0x20, 0x00, 0x00, 0x00, 0x0d, 0x70, 0x00, 0x0b, 0xe2, 0x00, 0x00,
    0x00, 0x0d, 0x70, 0x06, 0x21, 0xde, 0x50, 0x00, 0x00, 0x0d, 0x88, 0xef, 0x30, 0x0a, 0xfc, 0x50,
    0x00, 0x1f, 0xfe, 0x81, 0x00, 0x00, 0x5d, 0xf8, 0x00, 0x0c, 0x70, 0x00, 0x00, 0x00, 0x00, 0x40,
    0x00, 0x00, 0x00, 0x00, 0x00, 0x00, 0x00, 0x00, 0x01, 0x00, 0x00, 0x00, 0x00, 0x00, 0x00, 0x00,
    0xd9, 0x00, 0x55, 0x55, 0x55, 0x55, 0x50, 0x03, 0xf8, 0x0d, 0xdd, 0xdd, 0xdd, 0xef, 0x03, 0x05,
    0x40, 0x00, 0x00, 0x00, 0x03, 0xf0, 0xf4, 0x00, 0x22, 0x22, 0x22, 0x00, 0x3f, 0x0f, 0x40, 0x5f,
    0xff, 0xff, 0xf4, 0x03, 0xf0, 0xf4, 0x05, 0xc0, 0x00, 0x0d, 0x40, 0x3f, 0x0f, 0x40, 0x5c, 0x00,
    0x00, 0xd4, 0x03, 0xf0, 0xf4, 0x05, 0xfd, 0xdd, 0xdf, 0x40, 0x3f, 0x0f, 0x40, 0x5d, 0x44, 0x44,
    0xe4, 0x03, 0xf0, 0xf4, 0x05, 0xc0, 0x00, 0x0d, 0x40, 0x3f, 0x0f, 0x40, 0x5e, 0x88, 0x88, 0xe4,
    0x03, 0xf0, 0xf4, 0x05, 0xe9, 0x99, 0x99, 0x20, 0x3f, 0x0f, 0x40, 0x37, 0x00, 0x00, 0x00, 0x03,
    0xf0, 0xf4, 0x00, 0x00, 0x00, 0x02, 0x32, 0x8f, 0x0f, 0x40, 0x00, 0x00, 0x00, 0xaf, 0xff, 0x60,
    0x00, 0x00, 0x00, 0x00, 0x00, 0x00, 0x00, 0x00, 0x00, 0x00, 0x00, 0x00, 0x03, 0x00, 0x00, 0x07,
    0x77, 0x72, 0x00, 0x08, 0xf2, 0x00, 0x00, 0xfa, 0xaf, 0x50, 0x03, 0xfb, 0xc0, 0x00, 0x0f, 0x21,
    0xf2, 0x01, 0xe8, 0x0d, 0xa0, 0x00, 0xf2, 0x6c, 0x02, 0xea, 0x00, 0x1e, 0xa0, 0x0f, 0x2b, 0x74,
    0xea, 0x00, 0x00, 0x2e, 0xd3, 0xf2, 0xf3, 0xdb, 0x88, 0x88, 0x88, 0x8b, 0x6f, 0x3f, 0x40, 0x39,
    0x99, 0x99, 0x98, 0x00, 0xf2, 0x7c, 0x01, 0x00, 0x83, 0x00, 0x42, 0x0f, 0x21, 0xf1, 0xe4, 0x0b,
    0x80, 0x0e, 0x80, 0xf2, 0x0d, 0x49, 0x90, 0x7d, 0x03, 0xf2, 0x0f, 0x20, 0xe4, 0x4e, 0x03, 0xf1,
    0x9c, 0x00, 0xfb, 0xce, 0x10, 0xf4, 0x08, 0x2e, 0x60, 0x0f, 0x67, 0x20, 0x05, 0x10, 0x04, 0xf1,
    0x00, 0xf2, 0x00, 0xaa, 0xaa, 0xaa, 0xde, 0xaa, 0x3f, 0x20, 0x07, 0x77, 0x77, 0x77, 0x77, 0x72,
    0x10, 0x00, 0x00, 0x00, 0x00, 0x00, 0x00, 0x00, 0x38, 0x88, 0x88, 0x88, 0x88, 0x88, 0x88, 0x84,
    0x4a, 0xaa, 0xaa, 0xae, 0xda, 0xaa, 0xaa, 0xa5, 0x00, 0x00, 0x00, 0x0f, 0x50, 0x00, 0x00, 0x00,
    0x00, 0x24, 0x44, 0x6f, 0x54, 0x44, 0x43, 0x00, 0x00, 0xbf, 0xee, 0xee, 0xee, 0xee, 0xee, 0x00,
    0x00, 0xb9, 0x00, 0x02, 0x20, 0x00, 0x6e, 0x00, 0x00, 0xb9, 0x00, 0x08, 0xb0, 0x00, 0x6e, 0x00,
    0x00, 0xb9, 0x00, 0x08, 0xb0, 0x00, 0x6e, 0x00, 0x00, 0xb9, 0x00, 0x0a, 0xa0, 0x00, 0x6e, 0x00,
    0x00, 0xb9, 0x00, 0x0d, 0x80, 0x00, 0x6e, 0x00, 0x00, 0xb9, 0x00, 0x3f, 0xa1, 0x00, 0x6e, 0x00,
    0x00, 0x22, 0x01, 0xdc, 0xcf, 0x92, 0x12, 0x00, 0x00, 0x00, 0x6e, 0xd1, 0x04, 0xcf, 0xa2, 0x00,
    0x04, 0x9e, 0xfa, 0x10, 0x00, 0x04, 0xdf, 0x91, 0x6f, 0xd8, 0x20, 0x00, 0x00, 0x00, 0x06, 0xe2,
    0x02, 0x00, 0x00, 0x00, 0x00, 0x00, 0x00, 0x00, 0x01, 0x55, 0x55, 0x55, 0x55, 0x55, 0x51, 0x00,
    0x04, 0xfd, 0xdd, 0xdd, 0xdd, 0xdd, 0xf5, 0x00, 0x04, 0xf0, 0x00, 0x00, 0x01, 0x10, 0xf5, 0x00,
    0x04, 0xf0, 0xa5, 0x00, 0x0a, 0xa0, 0xf5, 0x00, 0x04, 0xf0, 0x6f, 0x10, 0x3f, 0x20, 0xf5, 0x00,
    0x04, 0xf0, 0x0b, 0xc0, 0xc9, 0x00, 0xf5, 0x00, 0x04, 0xf0, 0x01, 0xeb, 0xf1, 0x00, 0xf5, 0x00,
    0x04, 0xf0, 0x00, 0x5f, 0x80, 0x00, 0xf5, 0x00, 0x04, 0xf0, 0x00, 0x9f, 0xd0, 0x00, 0xf5, 0x00,
    0x06, 0xe0, 0x04, 0xf4, 0xe8, 0x00, 0xf5, 0x00, 0x08, 0xc0, 0x1e, 0x70, 0x5f, 0x30, 0xe5, 0x45,
    0x0b, 0xa0, 0xcb, 0x00, 0x0a, 0xd0, 0xd6, 0x7b, 0x1f, 0x57, 0xe1, 0x00, 0x01, 0xe3, 0xc8, 0x89,
    0x8f, 0x00, 0x20, 0x00, 0x00, 0x00, 0x8e, 0xd6, 0x67, 0x00, 0x00, 0x00, 0x00, 0x00, 0x1c, 0xc1,
    0x00, 0x00, 0x00, 0x00, 0x00, 0x00, 0x00, 0x00,
};

static const lv_font_fmt_txt_glyph_dsc_t glyph_dsc[] = {
    {.bitmap_index = 0, .adv_w = 0, .box_w = 0, .box_h = 0, .ofs_x = 0, .ofs_y = 0} /* id 0 reserved */,
    {.bitmap_index = 0, .adv_w = 64, .box_w = 0, .box_h = 0, .ofs_x = 0, .ofs_y = 0},
    {.bitmap_index = 0, .adv_w = 80, .box_w = 3, .box_h = 14, .ofs_x = 1, .ofs_y = 4},
    {.bitmap_index = 21, .adv_w = 96, .box_w = 5, .box_h = 5, .ofs_x = 1, .ofs_y = 4},
    {.bitmap_index = 34, .adv_w = 160, .box_w = 10, .box_h = 12, .ofs_x = 0, .ofs_y = 4},
    {.bitmap_index = 94, .adv_w = 144, .box_w = 8, .box_h = 16, .ofs_x = 1, .ofs_y = 3},
    {.bitmap_index = 158, .adv_w = 224, .box_w = 14, .box_h = 14, .ofs_x = 0, .ofs_y = 4},
    {.bitmap_index = 256, .adv_w = 208, .box_w = 14, .box_h = 14, .ofs_x = 0, .ofs_y = 4},
    {.bitmap_index = 354, .adv_w = 64, .box_w = 2, .box_h = 5, .ofs_x = 1, .ofs_y = 4},
    {.bitmap_index = 359, .adv_w = 80, .box_w = 5, .box_h = 16, .ofs_x = 1, .ofs_y = 4},
    {.bitmap_index = 399, .adv_w = 80, .box_w = 5, .box_h = 16, .ofs_x = 0, .ofs_y = 4},
    {.bitmap_index = 439, .adv_w = 112, .box_w = 7, .box_h = 7, .ofs_x = 0, .ofs_y = 4},
    {.bitmap_index = 464, .adv_w = 176, .box_w = 9, .box_h = 9, .ofs_x = 1, .ofs_y = 7},
    {.bitmap_index = 505, .adv_w = 48, .box_w = 3, .box_h = 5, .ofs_x = 0, .ofs_y = 15},
    {.bitmap_index = 513, .adv_w = 96, .box_w = 5, .box_h = 2, .ofs_x = 1, .ofs_y = 11},
    {.bitmap_index = 518, .adv_w = 48, .box_w = 3, .box_h = 3, .ofs_x = 0, .ofs_y = 15},
    {.bitmap_index = 523, .adv_w = 96, .box_w = 8, .box_h = 16, .ofs_x = -1, .ofs_y = 4},
    {.bitmap_index = 587, .adv_w = 144, .box_w = 9, .box_h = 14, .ofs_x = 0, .ofs_y = 4},
    {.bitmap_index = 650, .adv_w = 144, .box_w = 5, .box_h = 13, .ofs_x = 1, .ofs_y = 4},
    {.bitmap_index = 683, .adv_w = 144, .box_w = 9, .box_h = 13, .ofs_x = 0, .ofs_y = 4},
    {.bitmap_index = 742, .adv_w = 144, .box_w = 8, .box_h = 14, .ofs_x = 1, .ofs_y = 4},
    {.bitmap_index = 798, .adv_w = 144, .box_w = 10, .box_h = 13, .ofs_x = 0, .ofs_y = 4},
    {.bitmap_index = 863, .adv_w = 144, .box_w = 8, .box_h = 14, .ofs_x = 1, .ofs_y = 4},
    {.bitmap_index = 919, .adv_w = 144, .box_w = 9, .box_h = 14, .ofs_x = 0, .ofs_y = 4},
    {.bitmap_index = 982, .adv_w = 144, .box_w = 9, .box_h = 13, .ofs_x = 0, .ofs_y = 4},
    {.bitmap_index = 1041, .adv_w = 144, .box_w = 9, .box_h = 14, .ofs_x = 0, .ofs_y = 4},
    {.bitmap_index = 1104, .adv_w = 144, .box_w = 9, .box_h = 14, .ofs_x = 0, .ofs_y = 4},
    {.bitmap_index = 1167, .adv_w = 48, .box_w = 3, .box_h = 10, .ofs_x = 0, .ofs_y = 8},
    {.bitmap_index = 1182, .adv_w = 48, .box_w = 3, .box_h = 12, .ofs_x = 0, .ofs_y = 8},
    {.bitmap_index = 1200, .adv_w = 176, .box_w = 8, .box_h = 9, .ofs_x = 2, .ofs_y = 7},
    {.bitmap_index = 1236, .adv_w = 176, .box_w = 9, .box_h = 6, .ofs_x = 1, .ofs_y = 9},
    {.bitmap_index = 1263, .adv_w = 176, .box_w = 8, .box_h = 9, .ofs_x = 2, .ofs_y = 7},
    {.bitmap_index = 1299, .adv_w = 112, .box_w = 6, .box_h = 14, .ofs_x = 1, .ofs_y = 4},
    {.bitmap_index = 1341, .adv_w = 256, .box_w = 15, .box_h = 15, .ofs_x = 1, .ofs_y = 4},
    {.bitmap_index = 1454, .adv_w = 176, .box_w = 12, .box_h = 13, .ofs_x = 0, .ofs_y = 4},
    {.bitmap_index = 1532, .adv_w = 160, .box_w = 9, .box_h = 13, .ofs_x = 1, .ofs_y = 4},
    {.bitmap_index = 1591, .adv_w = 160, .box_w = 10, .box_h = 14, .ofs_x = 0, .ofs_y = 4},
    {.bitmap_index = 1661, .adv_w = 192, .box_w = 11, .box_h = 13, .ofs_x = 1, .ofs_y = 4},
    {.bitmap_index = 1733, .adv_w = 128, .box_w = 8, .box_h = 13, .ofs_x = 1, .ofs_y = 4},
    {.bitmap_index = 1785, .adv_w = 128, .box_w = 7, .box_h = 13, .ofs_x = 1, .ofs_y = 4},
    {.bitmap_index = 1831, .adv_w = 176, .box_w = 11, .box_h = 14, .ofs_x = 0, .ofs_y = 4},
    {.bitmap_index = 1908, .adv_w = 192, .box_w = 10, .box_h = 13, .ofs_x = 1, .ofs_y = 4},
    {.bitmap_index = 1973, .adv_w = 64, .box_w = 3, .box_h = 13, .ofs_x = 1, .ofs_y = 4},
    {.bitmap_index = 1993, .adv_w = 96, .box_w = 5, .box_h = 14, .ofs_x = 0, .ofs_y = 4},
    {.bitmap_index = 2028, .adv_w = 160, .box_w = 10, .box_h = 13, .ofs_x = 1, .ofs_y = 4},
    {.bitmap_index = 2093, .adv_w = 128, .box_w = 7, .box_h = 13, .ofs_x = 1, .ofs_y = 4},
    {.bitmap_index = 2139, .adv_w = 240, .box_w = 14, .box_h = 13, .ofs_x = 1, .ofs_y = 4},
    {.bitmap_index = 2230, .adv_w = 208, .box_w = 11, .box_h = 13, .ofs_x = 1, .ofs_y = 4},
    {.bitmap_index = 2302, .adv_w = 208, .box_w = 13, .box_h = 14, .ofs_x = 0, .ofs_y = 4},
    {.bitmap_index = 2393, .adv_w = 144, .box_w = 9, .box_h = 13, .ofs_x = 1, .ofs_y = 4},
    {.bitmap_index = 2452, .adv_w = 208, .box_w = 14, .box_h = 15, .ofs_x = 0, .ofs_y = 4},
    {.bitmap_index = 2557, .adv_w = 160, .box_w = 10, .box_h = 13, .ofs_x = 1, .ofs_y = 4},
    {.bitmap_index = 2622, .adv_w = 144, .box_w = 8, .box_h = 14, .ofs_x = 1, .ofs_y = 4},
    {.bitmap_index = 2678, .adv_w = 144, .box_w = 9, .box_h = 13, .ofs_x = 0, .ofs_y = 4},
    {.bitmap_index = 2737, .adv_w = 176, .box_w = 10, .box_h = 14, .ofs_x = 1, .ofs_y = 4},
    {.bitmap_index = 2807, .adv_w = 160, .box_w = 11, .box_h = 13, .ofs_x = 0, .ofs_y = 4},
    {.bitmap_index = 2879, .adv_w = 256, .box_w = 17, .box_h = 13, .ofs_x = 0, .ofs_y = 4},
    {.bitmap_index = 2990, .adv_w = 160, .box_w = 11, .box_h = 13, .ofs_x = 0, .ofs_y = 4},
    {.bitmap_index = 3062, .adv_w = 144, .box_w = 10, .box_h = 13, .ofs_x = 0, .ofs_y = 4},
    {.bitmap_index = 3127, .adv_w = 144, .box_w = 10, .box_h = 13, .ofs_x = 0, .ofs_y = 4},
    {.bitmap_index = 3192, .adv_w = 80, .box_w = 4, .box_h = 16, .ofs_x = 1, .ofs_y = 4},
    {.bitmap_index = 3224, .adv_w = 96, .box_w = 8, .box_h = 16, .ofs_x = -1, .ofs_y = 4},
    {.bitmap_index = 3288, .adv_w = 80, .box_w = 4, .box_h = 16, .ofs_x = 0, .ofs_y = 4},
    {.bitmap_index = 3320, .adv_w = 176, .box_w = 9, .box_h = 8, .ofs_x = 1, .ofs_y = 4},
    {.bitmap_index = 3356, .adv_w = 112, .box_w = 8, .box_h = 2, .ofs_x = 0, .ofs_y = 20},
    {.bitmap_index = 3364, .adv_w = 64, .box_w = 5, .box_h = 4, .ofs_x = 0, .ofs_y = 3},
    {.bitmap_index = 3374, .adv_w = 128, .box_w = 8, .box_h = 10, .ofs_x = 0, .ofs_y = 8},
    {.bitmap_index = 3414, .adv_w = 160, .box_w = 9, .box_h = 14, .ofs_x = 1, .ofs_y = 4},
    {.bitmap_index = 3477, .adv_w = 128, .box_w = 8, .box_h = 10, .ofs_x = 0, .ofs_y = 8},
    {.bitmap_index = 3517, .adv_w = 160, .box_w = 9, .box_h = 14, .ofs_x = 0, .ofs_y = 4},
    {.bitmap_index = 3580, .adv_w = 144, .box_w = 9, .box_h = 10, .ofs_x = 0, .ofs_y = 8},
    {.bitmap_index = 3625, .adv_w = 80, .box_w = 6, .box_h = 13, .ofs_x = 0, .ofs_y = 4},
    {.bitmap_index = 3664, .adv_w = 160, .box_w = 9, .box_h = 14, .ofs_x = 0, .ofs_y = 8},
    {.bitmap_index = 3727, .adv_w = 144, .box_w = 8, .box_h = 13, .ofs_x = 1, .ofs_y = 4},
    {.bitmap_index = 3779, .adv_w = 64, .box_w = 3, .box_h = 13, .ofs_x = 1, .ofs_y = 4},
    {.bitmap_index = 3799, .adv_w = 64, .box_w = 6, .box_h = 18, .ofs_x = -2, .ofs_y = 4},
    {.bitmap_index = 3853, .adv_w = 128, .box_w = 8, .box_h = 13, .ofs_x = 1, .ofs_y = 4},
    {.bitmap_index = 3905, .adv_w = 64, .box_w = 2, .box_h = 13, .ofs_x = 1, .ofs_y = 4},
    {.bitmap_index = 3918, .adv_w = 240, .box_w = 13, .box_h = 9, .ofs_x = 1, .ofs_y = 8},
    {.bitmap_index = 3977, .adv_w = 144, .box_w = 8, .box_h = 9, .ofs_x = 1, .ofs_y = 8},
    {.bitmap_index = 4013, .adv_w = 160, .box_w = 10, .box_h = 10, .ofs_x = 0, .ofs_y = 8},
    {.bitmap_index = 4063, .adv_w = 160, .box_w = 9, .box_h = 13, .ofs_x = 1, .ofs_y = 8},
    {.bitmap_index = 4122, .adv_w = 160, .box_w = 9, .box_h = 13, .ofs_x = 0, .ofs_y = 8},
    {.bitmap_index = 4181, .adv_w = 96, .box_w = 5, .box_h = 9, .ofs_x = 1, .ofs_y = 8},
    {.bitmap_index = 4204, .adv_w = 112, .box_w = 7, .box_h = 10, .ofs_x = 0, .ofs_y = 8},
    {.bitmap_index = 4239, .adv_w = 80, .box_w = 6, .box_h = 13, .ofs_x = 0, .ofs_y = 5},
    {.bitmap_index = 4278, .adv_w = 144, .box_w = 8, .box_h = 10, .ofs_x = 1, .ofs_y = 8},
    {.bitmap_index = 4318, .adv_w = 128, .box_w = 9, .box_h = 9, .ofs_x = 0, .ofs_y = 8},
    {.bitmap_index = 4359, .adv_w = 192, .box_w = 13, .box_h = 9, .ofs_x = 0, .ofs_y = 8},
    {.bitmap_index = 4418, .adv_w = 128, .box_w = 8, .box_h = 9, .ofs_x = 0, .ofs_y = 8},
    {.bitmap_index = 4454, .adv_w = 128, .box_w = 9, .box_h = 14, .ofs_x = 0, .ofs_y = 8},
    {.bitmap_index = 4517, .adv_w = 112, .box_w = 8, .box_h = 9, .ofs_x = 0, .ofs_y = 8},
    {.bitmap_index = 4553, .adv_w = 80, .box_w = 5, .box_h = 16, .ofs_x = 0, .ofs_y = 4},
    {.bitmap_index = 4593, .adv_w = 64, .box_w = 2, .box_h = 19, .ofs_x = 1, .ofs_y = 3},
    {.bitmap_index = 4612, .adv_w = 80, .box_w = 5, .box_h = 16, .ofs_x = 0, .ofs_y = 4},
    {.bitmap_index = 4652, .adv_w = 176, .box_w = 10, .box_h = 4, .ofs_x = 1, .ofs_y = 10},
    {.bitmap_index = 4672, .adv_w = 96, .box_w = 6, .box_h = 6, .ofs_x = 0, .ofs_y = 4},
    {.bitmap_index = 4690, .adv_w = 48, .box_w = 3, .box_h = 3, .ofs_x = 0, .ofs_y = 10},
    {.bitmap_index = 4695, .adv_w = 256, .box_w = 16, .box_h = 15, .ofs_x = 0, .ofs_y = 5},
    {.bitmap_index = 4815, .adv_w = 256, .box_w = 16, .box_h = 16, .ofs_x = 0, .ofs_y = 4},
    {.bitmap_index = 4943, .adv_w = 256, .box_w = 14, .box_h = 17, .ofs_x = 1, .ofs_y = 3},
    {.bitmap_index = 5062, .adv_w = 256, .box_w = 16, .box_h = 17, .ofs_x = 0, .ofs_y = 3},
    {.bitmap_index = 5198, .adv_w = 256, .box_w = 16, .box_h = 17, .ofs_x = 0, .ofs_y = 3},
    {.bitmap_index = 5334, .adv_w = 256, .box_w = 16, .box_h = 17, .ofs_x = 0, .ofs_y = 3},
    {.bitmap_index = 5470, .adv_w = 256, .box_w = 16, .box_h = 17, .ofs_x = 0, .ofs_y = 3},
    {.bitmap_index = 5606, .adv_w = 256, .box_w = 16, .box_h = 17, .ofs_x = 0, .ofs_y = 3},
    {.bitmap_index = 5742, .adv_w = 256, .box_w = 16, .box_h = 16, .ofs_x = 0, .ofs_y = 3},
    {.bitmap_index = 5870, .adv_w = 256, .box_w = 16, .box_h = 17, .ofs_x = 0, .ofs_y = 3},
    {.bitmap_index = 6006, .adv_w = 256, .box_w = 16, .box_h = 17, .ofs_x = 0, .ofs_y = 3},
    {.bitmap_index = 6142, .adv_w = 256, .box_w = 15, .box_h = 17, .ofs_x = 0, .ofs_y = 3},
    {.bitmap_index = 6270, .adv_w = 256, .box_w = 16, .box_h = 17, .ofs_x = 0, .ofs_y = 3},
    {.bitmap_index = 6406, .adv_w = 256, .box_w = 16, .box_h = 17, .ofs_x = 0, .ofs_y = 3},
    {.bitmap_index = 6542, .adv_w = 256, .box_w = 16, .box_h = 16, .ofs_x = 0, .ofs_y = 4},
    {.bitmap_index = 6670, .adv_w = 256, .box_w = 15, .box_h = 17, .ofs_x = 0, .ofs_y = 3},
    {.bitmap_index = 6798, .adv_w = 256, .box_w = 16, .box_h = 16, .ofs_x = 0, .ofs_y = 4},
    {.bitmap_index = 6926, .adv_w = 256, .box_w = 14, .box_h = 15, .ofs_x = 1, .ofs_y = 4},
    {.bitmap_index = 7031, .adv_w = 256, .box_w = 14, .box_h = 16, .ofs_x = 1, .ofs_y = 4},
    {.bitmap_index = 7143, .adv_w = 256, .box_w = 14, .box_h = 16, .ofs_x = 1, .ofs_y = 4},
    {.bitmap_index = 7255, .adv_w = 256, .box_w = 16, .box_h = 16, .ofs_x = 0, .ofs_y = 3},
    {.bitmap_index = 7383, .adv_w = 256, .box_w = 16, .box_h = 16, .ofs_x = 0, .ofs_y = 3},
    {.bitmap_index = 7511, .adv_w = 256, .box_w = 16, .box_h = 17, .ofs_x = 0, .ofs_y = 3},
    {.bitmap_index = 7647, .adv_w = 256, .box_w = 16, .box_h = 17, .ofs_x = 0, .ofs_y = 3},
    {.bitmap_index = 7783, .adv_w = 256, .box_w = 16, .box_h = 17, .ofs_x = 0, .ofs_y = 3},
    {.bitmap_index = 7919, .adv_w = 256, .box_w = 16, .box_h = 16, .ofs_x = 0, .ofs_y = 4},
    {.bitmap_index = 8047, .adv_w = 256, .box_w = 16, .box_h = 16, .ofs_x = 0, .ofs_y = 3},
    {.bitmap_index = 8175, .adv_w = 256, .box_w = 16, .box_h = 16, .ofs_x = 0, .ofs_y = 3},
    {.bitmap_index = 8303, .adv_w = 256, .box_w = 16, .box_h = 16, .ofs_x = 0, .ofs_y = 3},
    {.bitmap_index = 8431, .adv_w = 256, .box_w = 16, .box_h = 17, .ofs_x = 0, .ofs_y = 3},
    {.bitmap_index = 8567, .adv_w = 256, .box_w = 16, .box_h = 16, .ofs_x = 0, .ofs_y = 4},
    {.bitmap_index = 8695, .adv_w = 256, .box_w = 16, .box_h = 16, .ofs_x = 0, .ofs_y = 4},
    {.bitmap_index = 8823, .adv_w = 256, .box_w = 16, .box_h = 16, .ofs_x = 0, .ofs_y = 3},
    {.bitmap_index = 8951, .adv_w = 256, .box_w = 15, .box_h = 15, .ofs_x = 1, .ofs_y = 4},
    {.bitmap_index = 9064, .adv_w = 256, .box_w = 16, .box_h = 17, .ofs_x = 0, .ofs_y = 3},
    {.bitmap_index = 9200, .adv_w = 256, .box_w = 16, .box_h = 17, .ofs_x = 0, .ofs_y = 3},
    {.bitmap_index = 9336, .adv_w = 256, .box_w = 16, .box_h = 16, .ofs_x = 0, .ofs_y = 4},
    {.bitmap_index = 9464, .adv_w = 256, .box_w = 16, .box_h = 17, .ofs_x = 0, .ofs_y = 3},
    {.bitmap_index = 9600, .adv_w = 256, .box_w = 16, .box_h = 16, .ofs_x = 0, .ofs_y = 4},
    {.bitmap_index = 9728, .adv_w = 256, .box_w = 16, .box_h = 17, .ofs_x = 0, .ofs_y = 3},
    {.bitmap_index = 9864, .adv_w = 256, .box_w = 16, .box_h = 17, .ofs_x = 0, .ofs_y = 3},
    {.bitmap_index = 10000, .adv_w = 256, .box_w = 16, .box_h = 16, .ofs_x = 0, .ofs_y = 3},
    {.bitmap_index = 10128, .adv_w = 256, .box_w = 16, .box_h = 17, .ofs_x = 0, .ofs_y = 3},
    {.bitmap_index = 10264, .adv_w = 256, .box_w = 16, .box_h = 16, .ofs_x = 0, .ofs_y = 3},
    {.bitmap_index = 10392, .adv_w = 256, .box_w = 16, .box_h = 16, .ofs_x = 0, .ofs_y = 3},
    {.bitmap_index = 10520, .adv_w = 256, .box_w = 16, .box_h = 17, .ofs_x = 0, .ofs_y = 3},
    {.bitmap_index = 10656, .adv_w = 256, .box_w = 15, .box_h = 17, .ofs_x = 0, .ofs_y = 3},
    {.bitmap_index = 10784, .adv_w = 256, .box_w = 16, .box_h = 15, .ofs_x = 0, .ofs_y = 4},
    {.bitmap_index = 10904, .adv_w = 256, .box_w = 16, .box_h = 16, .ofs_x = 0, .ofs_y = 3},
    {.bitmap_index = 11032, .adv_w = 256, .box_w = 16, .box_h = 17, .ofs_x = 0, .ofs_y = 3},
    {.bitmap_index = 11168, .adv_w = 256, .box_w = 16, .box_h = 17, .ofs_x = 0, .ofs_y = 3},
    {.bitmap_index = 11304, .adv_w = 256, .box_w = 16, .box_h = 17, .ofs_x = 0, .ofs_y = 3},
    {.bitmap_index = 11440, .adv_w = 256, .box_w = 16, .box_h = 16, .ofs_x = 0, .ofs_y = 3},
    {.bitmap_index = 11568, .adv_w = 256, .box_w = 16, .box_h = 17, .ofs_x = 0, .ofs_y = 3},
    {.bitmap_index = 11704, .adv_w = 256, .box_w = 16, .box_h = 17, .ofs_x = 0, .ofs_y = 3},
    {.bitmap_index = 11840, .adv_w = 256, .box_w = 16, .box_h = 17, .ofs_x = 0, .ofs_y = 3},
    {.bitmap_index = 11976, .adv_w = 256, .box_w = 16, .box_h = 16, .ofs_x = 0, .ofs_y = 4},
    {.bitmap_index = 12104, .adv_w = 256, .box_w = 16, .box_h = 16, .ofs_x = 0, .ofs_y = 3},
    {.bitmap_index = 12232, .adv_w = 256, .box_w = 15, .box_h = 17, .ofs_x = 0, .ofs_y = 3},
    {.bitmap_index = 12360, .adv_w = 256, .box_w = 16, .box_h = 17, .ofs_x = 0, .ofs_y = 3},
    {.bitmap_index = 12496, .adv_w = 256, .box_w = 16, .box_h = 17, .ofs_x = 0, .ofs_y = 3},
    {.bitmap_index = 12632, .adv_w = 256, .box_w = 16, .box_h = 17, .ofs_x = 0, .ofs_y = 3},
    {.bitmap_index = 12768, .adv_w = 256, .box_w = 16, .box_h = 17, .ofs_x = 0, .ofs_y = 3},
    {.bitmap_index = 12904, .adv_w = 256, .box_w = 16, .box_h = 17, .ofs_x = 0, .ofs_y = 3},
    {.bitmap_index = 13040, .adv_w = 256, .box_w = 16, .box_h = 17, .ofs_x = 0, .ofs_y = 3},
    {.bitmap_index = 13176, .adv_w = 256, .box_w = 16, .box_h = 16, .ofs_x = 0, .ofs_y = 3},
    {.bitmap_index = 13304, .adv_w = 256, .box_w = 16, .box_h = 16, .ofs_x = 0, .ofs_y = 3},
    {.bitmap_index = 13432, .adv_w = 256, .box_w = 16, .box_h = 17, .ofs_x = 0, .ofs_y = 3},
    {.bitmap_index = 13568, .adv_w = 256, .box_w = 16, .box_h = 16, .ofs_x = 0, .ofs_y = 3},
    {.bitmap_index = 13696, .adv_w = 256, .box_w = 16, .box_h = 16, .ofs_x = 0, .ofs_y = 3},
    {.bitmap_index = 13824, .adv_w = 256, .box_w = 16, .box_h = 16, .ofs_x = 0, .ofs_y = 3},
    {.bitmap_index = 13952, .adv_w = 256, .box_w = 16, .box_h = 16, .ofs_x = 0, .ofs_y = 3},
    {.bitmap_index = 14080, .adv_w = 256, .box_w = 16, .box_h = 16, .ofs_x = 0, .ofs_y = 3},
    {.bitmap_index = 14208, .adv_w = 256, .box_w = 16, .box_h = 17, .ofs_x = 0, .ofs_y = 3},
    {.bitmap_index = 14344, .adv_w = 256, .box_w = 16, .box_h = 17, .ofs_x = 0, .ofs_y = 3},
    {.bitmap_index = 14480, .adv_w = 256, .box_w = 16, .box_h = 16, .ofs_x = 0, .ofs_y = 4},
    {.bitmap_index = 14608, .adv_w = 256, .box_w = 16, .box_h = 16, .ofs_x = 0, .ofs_y = 4},
    {.bitmap_index = 14736, .adv_w = 256, .box_w = 15, .box_h = 17, .ofs_x = 1, .ofs_y = 3},
    {.bitmap_index = 14864, .adv_w = 256, .box_w = 16, .box_h = 17, .ofs_x = 0, .ofs_y = 3},
    {.bitmap_index = 15000, .adv_w = 256, .box_w = 16, .box_h = 17, .ofs_x = 0, .ofs_y = 3},
    {.bitmap_index = 15136, .adv_w = 256, .box_w = 16, .box_h = 16, .ofs_x = 0, .ofs_y = 4},
    {.bitmap_index = 15264, .adv_w = 256, .box_w = 16, .box_h = 17, .ofs_x = 0, .ofs_y = 3},
    {.bitmap_index = 15400, .adv_w = 256, .box_w = 16, .box_h = 16, .ofs_x = 0, .ofs_y = 3},
    {.bitmap_index = 15528, .adv_w = 256, .box_w = 16, .box_h = 16, .ofs_x = 0, .ofs_y = 3},
    {.bitmap_index = 15656, .adv_w = 256, .box_w = 16, .box_h = 17, .ofs_x = 0, .ofs_y = 3},
    {.bitmap_index = 15792, .adv_w = 256, .box_w = 16, .box_h = 17, .ofs_x = 0, .ofs_y = 3},
    {.bitmap_index = 15928, .adv_w = 256, .box_w = 16, .box_h = 15, .ofs_x = 0, .ofs_y = 4},
    {.bitmap_index = 16048, .adv_w = 256, .box_w = 16, .box_h = 17, .ofs_x = 0, .ofs_y = 3},
    {.bitmap_index = 16184, .adv_w = 256, .box_w = 16, .box_h = 16, .ofs_x = 0, .ofs_y = 3},
    {.bitmap_index = 16312, .adv_w = 256, .box_w = 16, .box_h = 17, .ofs_x = 0, .ofs_y = 3},
    {.bitmap_index = 16448, .adv_w = 256, .box_w = 16, .box_h = 17, .ofs_x = 0, .ofs_y = 3},
    {.bitmap_index = 16584, .adv_w = 256, .box_w = 16, .box_h = 17, .ofs_x = 0, .ofs_y = 3},
    {.bitmap_index = 16720, .adv_w = 256, .box_w = 14, .box_h = 15, .ofs_x = 1, .ofs_y = 4},
    {.bitmap_index = 16825, .adv_w = 256, .box_w = 16, .box_h = 15, .ofs_x = 0, .ofs_y = 4},
    {.bitmap_index = 16945, .adv_w = 256, .box_w = 16, .box_h = 16, .ofs_x = 0, .ofs_y = 3},
    {.bitmap_index = 17073, .adv_w = 256, .box_w = 14, .box_h = 17, .ofs_x = 1, .ofs_y = 3},
    {.bitmap_index = 17192, .adv_w = 256, .box_w = 15, .box_h = 17, .ofs_x = 1, .ofs_y = 3},
    {.bitmap_index = 17320, .adv_w = 256, .box_w = 16, .box_h = 17, .ofs_x = 0, .ofs_y = 3},
    {.bitmap_index = 17456, .adv_w = 256, .box_w = 16, .box_h = 17, .ofs_x = 0, .ofs_y = 3},
    {.bitmap_index = 17592, .adv_w = 256, .box_w = 16, .box_h = 17, .ofs_x = 0, .ofs_y = 3},
    {.bitmap_index = 17728, .adv_w = 256, .box_w = 16, .box_h = 17, .ofs_x = 0, .ofs_y = 3},
    {.bitmap_index = 17864, .adv_w = 256, .box_w = 16, .box_h = 16, .ofs_x = 0, .ofs_y = 4},
    {.bitmap_index = 17992, .adv_w = 256, .box_w = 16, .box_h = 16, .ofs_x = 0, .ofs_y = 4},
    {.bitmap_index = 18120, .adv_w = 256, .box_w = 15, .box_h = 16, .ofs_x = 0, .ofs_y = 4},
    {.bitmap_index = 18240, .adv_w = 256, .box_w = 16, .box_h = 17, .ofs_x = 0, .ofs_y = 3},
    {.bitmap_index = 18376, .adv_w = 256, .box_w = 16, .box_h = 17, .ofs_x = 0, .ofs_y = 3},
    {.bitmap_index = 18512, .adv_w = 256, .box_w = 16, .box_h = 16, .ofs_x = 0, .ofs_y = 3},
    {.bitmap_index = 18640, .adv_w = 256, .box_w = 16, .box_h = 16, .ofs_x = 0, .ofs_y = 3},
    {.bitmap_index = 18768, .adv_w = 256, .box_w = 16, .box_h = 16, .ofs_x = 0, .ofs_y = 3},
    {.bitmap_index = 18896, .adv_w = 256, .box_w = 16, .box_h = 16, .ofs_x = 0, .ofs_y = 3},
    {.bitmap_index = 19024, .adv_w = 256, .box_w = 16, .box_h = 16, .ofs_x = 0, .ofs_y = 3},
    {.bitmap_index = 19152, .adv_w = 256, .box_w = 16, .box_h = 16, .ofs_x = 0, .ofs_y = 3},
    {.bitmap_index = 19280, .adv_w = 256, .box_w = 16, .box_h = 15, .ofs_x = 0, .ofs_y = 4},
    {.bitmap_index = 19400, .adv_w = 256, .box_w = 16, .box_h = 15, .ofs_x = 0, .ofs_y = 4},
    {.bitmap_index = 19520, .adv_w = 256, .box_w = 15, .box_h = 17, .ofs_x = 0, .ofs_y = 3},
    {.bitmap_index = 19648, .adv_w = 256, .box_w = 16, .box_h = 16, .ofs_x = 0, .ofs_y = 3},
    {.bitmap_index = 19776, .adv_w = 256, .box_w = 16, .box_h = 17, .ofs_x = 0, .ofs_y = 3},
    {.bitmap_index = 19912, .adv_w = 256, .box_w = 15, .box_h = 17, .ofs_x = 1, .ofs_y = 3},
    {.bitmap_index = 20040, .adv_w = 256, .box_w = 15, .box_h = 17, .ofs_x = 1, .ofs_y = 3},
    {.bitmap_index = 20168, .adv_w = 256, .box_w = 16, .box_h = 16, .ofs_x = 0, .ofs_y = 4},
    {.bitmap_index = 20296, .adv_w = 256, .box_w = 16, .box_h = 16, .ofs_x = 0, .ofs_y = 4},
};

static const uint16_t unicode_list[] = {
    0x0, 0x1, 0x2, 0x3, 0x4, 0x5, 0x6, 0x7,
    0x8, 0x9, 0xa, 0xb, 0xc, 0xd, 0xe, 0xf,
    0x10, 0x11, 0x12, 0x13, 0x14, 0x15, 0x16, 0x17,
    0x18, 0x19, 0x1a, 0x1b, 0x1c, 0x1d, 0x1e, 0x1f,
    0x20, 0x21, 0x22, 0x23, 0x24, 0x25, 0x26, 0x27,
    0x28, 0x29, 0x2a, 0x2b, 0x2c, 0x2d, 0x2e, 0x2f,
    0x30, 0x31, 0x32, 0x33, 0x34, 0x35, 0x36, 0x37,
    0x38, 0x39, 0x3a, 0x3b, 0x3c, 0x3d, 0x3e, 0x3f,
    0x40, 0x41, 0x42, 0x43, 0x44, 0x45, 0x46, 0x47,
    0x48, 0x49, 0x4a, 0x4b, 0x4c, 0x4d, 0x4e, 0x4f,
    0x50, 0x51, 0x52, 0x53, 0x54, 0x55, 0x56, 0x57,
    0x58, 0x59, 0x5a, 0x5b, 0x5c, 0x5d, 0x5e, 0x90,
    0x97, 0x4ded, 0x4e05, 0x4e0d, 0x4e8e, 0x4ed6, 0x4ef8, 0x4fc1,
    0x5129, 0x5145, 0x5153, 0x51e6, 0x5216, 0x5288, 0x5351, 0x53ad,
    0x540f, 0x546c, 0x56be, 0x56da, 0x56e8, 0x5710, 0x5720, 0x5863,
    0x58e7, 0x58fa, 0x5909, 0x595d, 0x5b96, 0x5bef, 0x5c11, 0x5c25,
    0x5c2f, 0x5dce, 0x5dd2, 0x5e06, 0x5e86, 0x5ee0, 0x5eef, 0x5f1a,
    0x5f65, 0x5fcb, 0x5fe1, 0x6007, 0x604f, 0x60ff, 0x6142, 0x6227,
    0x622b, 0x62c9, 0x6342, 0x634e, 0x6385, 0x6387, 0x6550, 0x6590,
    0x65ab, 0x65c0, 0x65d6, 0x665a, 0x66e9, 0x670a, 0x670c, 0x671a,
    0x6761, 0x6a01, 0x6bb2, 0x6c18, 0x6cf7, 0x6de5, 0x6e09, 0x6e5f,
    0x704f, 0x7164, 0x7228, 0x7296, 0x738f, 0x752c, 0x7545, 0x784e,
    0x78a1, 0x79a0, 0x79ad, 0x7a5a, 0x7b29, 0x7c77, 0x7c9e, 0x7cdb,
    0x7e87, 0x7ea6, 0x7ebf, 0x7eca, 0x7ef6, 0x7f31, 0x7f4e, 0x80dd,
    0x81ca, 0x824f, 0x8262, 0x882c, 0x8843, 0x8b84, 0x8b9e, 0x8bb1,
    0x8be3, 0x8f4c, 0x8f63, 0x8f99, 0x8fb0, 0x8fb4, 0x8fbb, 0x8fbe,
    0x8fe9, 0x912d, 0x91ad, 0x947f, 0x948e, 0x955f, 0x95d4, 0x9649,
    0x9855, 0x98ae,
};

static const lv_font_fmt_txt_cmap_t cmaps[] = {
    {
        .range_start = 0x20, .range_length = 39087, .glyph_id_start = 1,
        .unicode_list = unicode_list, .glyph_id_ofs_list = NULL,
        .list_length = 218, .type = LV_FONT_FMT_TXT_CMAP_SPARSE_TINY
    }
};

static const lv_font_fmt_txt_dsc_t font_dsc = {
    .glyph_bitmap = glyph_bitmap,
    .glyph_dsc = glyph_dsc,
    .cmaps = cmaps,
    .kern_dsc = NULL,
    .kern_scale = 0,
    .cmap_num = 1,
    .bpp = 4,
    .kern_classes = 0,
    .bitmap_format = 0,
};

const lv_font_t lv_font_msyh_16 = {
    .get_glyph_dsc = lv_font_get_glyph_dsc_fmt_txt,
    .get_glyph_bitmap = lv_font_get_bitmap_fmt_txt,
    .line_height = 22,
    .base_line = 5,
    .subpx = LV_FONT_SUBPX_NONE,
    .underline_position = -2,
    .underline_thickness = 1,
    .dsc = &font_dsc
};
#endif
